[C:/My Websites/职业百科/backblue.gif]
[C:/My Websites/职业百科/fade.gif]
[C:/My Websites/职业百科/index.html]
[C:/My Websites/职业百科/www.careerplanwiki.com/assets/wiki/bootstrap/css/bootstrap.min2c03.css]
[C:/My Websites/职业百科/www.careerplanwiki.com/assets/wiki/iconfont/iconfont2c03.css]
[C:/My Websites/职业百科/www.careerplanwiki.com/assets/wiki/css/style2c03.css]
[C:/My Websites/职业百科/www.careerplanwiki.com/home.html]
[C:/My Websites/职业百科/www.careerplanwiki.com/school.html]
[C:/My Websites/职业百科/www.careerplanwiki.com/major.html]
[C:/My Websites/职业百科/www.careerplanwiki.com/trade.html]
[C:/My Websites/职业百科/www.careerplanwiki.com/company.html]
[C:/My Websites/职业百科/www.careerplanwiki.com/position.html]
[C:/My Websites/职业百科/www.careerplanwiki.com/wiki/大学生比赛.html]
[C:/My Websites/职业百科/www.careerplanwiki.com/wiki/关于我们.html]
[C:/My Websites/职业百科/www.careerplanwiki.com/wiki/联系我们.html]
[C:/My Websites/职业百科/www.careerplanwiki.com/wiki/友情链接.html]
[C:/My Websites/职业百科/www.careerplanwiki.com/wiki/权利通知.html]
[C:/My Websites/职业百科/www.careerplanwiki.com/wiki/隐私政策.html]
[C:/My Websites/职业百科/www.careerplanwiki.com/assets/wiki/js/sea.config2c03.js]
[C:/My Websites/职业百科/www.careerplanwiki.com/index.html]
[C:/My Websites/职业百科/www.careerplanwiki.com/assets/wiki/bootstrap/css/bootstrap.min2c03.css]
[C:/My Websites/职业百科/www.careerplanwiki.com/assets/wiki/iconfont/iconfont2c03.css]
[C:/My Websites/职业百科/www.careerplanwiki.com/assets/wiki/css/style2c03.css]
[C:/My Websites/职业百科/www.careerplanwiki.com/home.html]
[C:/My Websites/职业百科/www.careerplanwiki.com/school.html]
[C:/My Websites/职业百科/www.careerplanwiki.com/assets/common/css/swiper/swiper2c03.css]
[C:/My Websites/职业百科/www.careerplanwiki.com/wiki/哲学/3716.html]
[C:/My Websites/职业百科/www.careerplanwiki.com/wiki/逻辑学/3717.html]
[C:/My Websites/职业百科/www.careerplanwiki.com/wiki/宗教学/3718.html]
[C:/My Websites/职业百科/www.careerplanwiki.com/wiki/伦理学/3719.html]
[C:/My Websites/职业百科/www.careerplanwiki.com/wiki/财政学/3720.html]
[C:/My Websites/职业百科/www.careerplanwiki.com/wiki/税收学/3721.html]
[C:/My Websites/职业百科/www.careerplanwiki.com/wiki/国际税收/6686.html]
[C:/My Websites/职业百科/www.careerplanwiki.com/wiki/金融学/3722.html]
[C:/My Websites/职业百科/www.careerplanwiki.com/wiki/金融工程/3723.html]
[C:/My Websites/职业百科/www.careerplanwiki.com/wiki/保险学/3724.html]
[C:/My Websites/职业百科/www.careerplanwiki.com/wiki/投资学/3725.html]
[C:/My Websites/职业百科/www.careerplanwiki.com/wiki/金融数学/3726.html]
[C:/My Websites/职业百科/www.careerplanwiki.com/wiki/信用管理/3727.html]
[C:/My Websites/职业百科/www.careerplanwiki.com/wiki/经济与金融/3728.html]
[C:/My Websites/职业百科/www.careerplanwiki.com/wiki/精算学/6692.html]
[C:/My Websites/职业百科/www.careerplanwiki.com/wiki/互联网金融/6637.html]
[C:/My Websites/职业百科/www.careerplanwiki.com/wiki/金融科技/6636.html]
[C:/My Websites/职业百科/www.careerplanwiki.com/wiki/经济学/3729.html]
[C:/My Websites/职业百科/www.careerplanwiki.com/wiki/经济统计学/3730.html]
[C:/My Websites/职业百科/www.careerplanwiki.com/wiki/国民经济管理/3731.html]
[C:/My Websites/职业百科/www.careerplanwiki.com/wiki/资源与环境经济学/3732.html]
[C:/My Websites/职业百科/www.careerplanwiki.com/wiki/商务经济学/3733.html]
[C:/My Websites/职业百科/www.careerplanwiki.com/wiki/能源经济/3734.html]
[C:/My Websites/职业百科/www.careerplanwiki.com/wiki/劳动经济学/6644.html]
[C:/My Websites/职业百科/www.careerplanwiki.com/wiki/经济工程/6642.html]
[C:/My Websites/职业百科/www.careerplanwiki.com/wiki/数字经济/6639.html]
[C:/My Websites/职业百科/www.careerplanwiki.com/wiki/国际经济与贸易/3735.html]
[C:/My Websites/职业百科/www.careerplanwiki.com/wiki/贸易经济/3736.html]
[C:/My Websites/职业百科/www.careerplanwiki.com/wiki/国际经济发展合作/6564.html]
[C:/My Websites/职业百科/www.careerplanwiki.com/wiki/法学/3737.html]
[C:/My Websites/职业百科/www.careerplanwiki.com/wiki/知识产权/3738.html]
[C:/My Websites/职业百科/www.careerplanwiki.com/wiki/监狱学/3739.html]
[C:/My Websites/职业百科/www.careerplanwiki.com/wiki/信用风险管理与法律防控/6635.html]
[C:/My Websites/职业百科/www.careerplanwiki.com/wiki/国际经贸规则/6634.html]
[C:/My Websites/职业百科/www.careerplanwiki.com/wiki/司法警察学/6632.html]
[C:/My Websites/职业百科/www.careerplanwiki.com/wiki/社区矫正/6631.html]
[C:/My Websites/职业百科/www.careerplanwiki.com/wiki/纪检监察/6565.html]
[C:/My Websites/职业百科/www.careerplanwiki.com/wiki/科学社会主义/3740.html]
[C:/My Websites/职业百科/www.careerplanwiki.com/wiki/中国共产党历史/3741.html]
[C:/My Websites/职业百科/www.careerplanwiki.com/wiki/思想政治教育/3742.html]
[C:/My Websites/职业百科/www.careerplanwiki.com/wiki/马克思主义理论/6628.html]
[C:/My Websites/职业百科/www.careerplanwiki.com/wiki/民族学/3743.html]
[C:/My Websites/职业百科/www.careerplanwiki.com/wiki/治安学/3744.html]
[C:/My Websites/职业百科/www.careerplanwiki.com/wiki/侦查学/3745.html]
[C:/My Websites/职业百科/www.careerplanwiki.com/wiki/边防管理/3746.html]
[C:/My Websites/职业百科/www.careerplanwiki.com/wiki/禁毒学/3747.html]
[C:/My Websites/职业百科/www.careerplanwiki.com/wiki/警犬技术/3748.html]
[C:/My Websites/职业百科/www.careerplanwiki.com/wiki/经济犯罪侦查/3749.html]
[C:/My Websites/职业百科/www.careerplanwiki.com/wiki/边防指挥/3750.html]
[C:/My Websites/职业百科/www.careerplanwiki.com/wiki/消防指挥/3751.html]
[C:/My Websites/职业百科/www.careerplanwiki.com/wiki/警卫学/3752.html]
[C:/My Websites/职业百科/www.careerplanwiki.com/wiki/公安情报学/3753.html]
[C:/My Websites/职业百科/www.careerplanwiki.com/wiki/犯罪学/3754.html]
[C:/My Websites/职业百科/www.careerplanwiki.com/wiki/公安管理学/3755.html]
[C:/My Websites/职业百科/www.careerplanwiki.com/wiki/涉外警务/3756.html]
[C:/My Websites/职业百科/www.careerplanwiki.com/wiki/国内安全保卫/3757.html]
[C:/My Websites/职业百科/www.careerplanwiki.com/wiki/警务指挥与战术/3758.html]
[C:/My Websites/职业百科/www.careerplanwiki.com/wiki/技术侦查学/6627.html]
[C:/My Websites/职业百科/www.careerplanwiki.com/wiki/海警执法/6626.html]
[C:/My Websites/职业百科/www.careerplanwiki.com/wiki/公安政治工作/6625.html]
[C:/My Websites/职业百科/www.careerplanwiki.com/wiki/移民管理/6785.html]
[C:/My Websites/职业百科/www.careerplanwiki.com/wiki/出入境管理/6784.html]
[C:/My Websites/职业百科/www.careerplanwiki.com/wiki/反恐警务/6567.html]
[C:/My Websites/职业百科/www.careerplanwiki.com/wiki/消防政治工作/6568.html]
[C:/My Websites/职业百科/www.careerplanwiki.com/wiki/铁路警务/6548.html]
[C:/My Websites/职业百科/www.careerplanwiki.com/wiki/政治学与行政学/3760.html]
[C:/My Websites/职业百科/www.careerplanwiki.com/wiki/国际政治/3761.html]
[C:/My Websites/职业百科/www.careerplanwiki.com/wiki/外交学/3762.html]
[C:/My Websites/职业百科/www.careerplanwiki.com/wiki/国际事务与国际关系/3763.html]
[C:/My Websites/职业百科/www.careerplanwiki.com/wiki/政治学、经济学与哲学/3759.html]
[C:/My Websites/职业百科/www.careerplanwiki.com/wiki/国际组织与全球治理/6630.html]
[C:/My Websites/职业百科/www.careerplanwiki.com/wiki/社会学/3764.html]
[C:/My Websites/职业百科/www.careerplanwiki.com/wiki/社会工作/3765.html]
[C:/My Websites/职业百科/www.careerplanwiki.com/wiki/人类学/3766.html]
[C:/My Websites/职业百科/www.careerplanwiki.com/wiki/女性学/3767.html]
[C:/My Websites/职业百科/www.careerplanwiki.com/wiki/家政学/3768.html]
[C:/My Websites/职业百科/www.careerplanwiki.com/wiki/老年学/6629.html]
[C:/My Websites/职业百科/www.careerplanwiki.com/wiki/社会政策/6566.html]
[C:/My Websites/职业百科/www.careerplanwiki.com/wiki/体育教育/3769.html]
[C:/My Websites/职业百科/www.careerplanwiki.com/wiki/运动训练/3770.html]
[C:/My Websites/职业百科/www.careerplanwiki.com/wiki/社会体育指导与管理/3771.html]
[C:/My Websites/职业百科/www.careerplanwiki.com/wiki/武术与民族传统体育/3772.html]
[C:/My Websites/职业百科/www.careerplanwiki.com/wiki/运动人体科学/3773.html]
[C:/My Websites/职业百科/www.careerplanwiki.com/wiki/运动康复/3774.html]
[C:/My Websites/职业百科/www.careerplanwiki.com/wiki/休闲体育/3775.html]
[C:/My Websites/职业百科/www.careerplanwiki.com/wiki/体能训练/6778.html]
[C:/My Websites/职业百科/www.careerplanwiki.com/wiki/冰雪运动/6776.html]
[C:/My Websites/职业百科/www.careerplanwiki.com/wiki/电子竞技运动与管理/6775.html]
[C:/My Websites/职业百科/www.careerplanwiki.com/wiki/智能体育工程/6773.html]
[C:/My Websites/职业百科/www.careerplanwiki.com/wiki/体育旅游/6769.html]
[C:/My Websites/职业百科/www.careerplanwiki.com/wiki/运动能力开发/6767.html]
[C:/My Websites/职业百科/www.careerplanwiki.com/wiki/教育学/3778.html]
[C:/My Websites/职业百科/www.careerplanwiki.com/wiki/科学教育/3779.html]
[C:/My Websites/职业百科/www.careerplanwiki.com/wiki/人文教育/3780.html]
[C:/My Websites/职业百科/www.careerplanwiki.com/wiki/教育技术学/3781.html]
[C:/My Websites/职业百科/www.careerplanwiki.com/wiki/艺术教育/3782.html]
[C:/My Websites/职业百科/www.careerplanwiki.com/wiki/学前教育/3783.html]
[C:/My Websites/职业百科/www.careerplanwiki.com/wiki/小学教育/3784.html]
[C:/My Websites/职业百科/www.careerplanwiki.com/wiki/特殊教育/3776.html]
[C:/My Websites/职业百科/www.careerplanwiki.com/wiki/华文教育/3777.html]
[C:/My Websites/职业百科/www.careerplanwiki.com/wiki/教育康复学/6782.html]
[C:/My Websites/职业百科/www.careerplanwiki.com/wiki/卫生教育/6781.html]
[C:/My Websites/职业百科/www.careerplanwiki.com/wiki/认知科学与技术/6780.html]
[C:/My Websites/职业百科/www.careerplanwiki.com/wiki/融合教育/6569.html]
[C:/My Websites/职业百科/www.careerplanwiki.com/wiki/劳动教育/6570.html]
[C:/My Websites/职业百科/www.careerplanwiki.com/wiki/新闻学/3785.html]
[C:/My Websites/职业百科/www.careerplanwiki.com/wiki/广播电视学/3786.html]
[C:/My Websites/职业百科/www.careerplanwiki.com/wiki/广告学/3787.html]
[C:/My Websites/职业百科/www.careerplanwiki.com/wiki/传播学/3788.html]
[C:/My Websites/职业百科/www.careerplanwiki.com/wiki/编辑出版学/3789.html]
[C:/My Websites/职业百科/www.careerplanwiki.com/wiki/网络与新媒体/3790.html]
[C:/My Websites/职业百科/www.careerplanwiki.com/wiki/数字出版/3791.html]
[C:/My Websites/职业百科/www.careerplanwiki.com/wiki/时尚传播/6672.html]
[C:/My Websites/职业百科/www.careerplanwiki.com/wiki/国际新闻与传播/6671.html]
[C:/My Websites/职业百科/www.careerplanwiki.com/wiki/会展/6550.html]
[C:/My Websites/职业百科/www.careerplanwiki.com/wiki/汉语言文学/3792.html]
[C:/My Websites/职业百科/www.careerplanwiki.com/wiki/汉语言/3793.html]
[C:/My Websites/职业百科/www.careerplanwiki.com/wiki/汉语国际教育/3794.html]
[C:/My Websites/职业百科/www.careerplanwiki.com/wiki/中国少数民族语言文学/3795.html]
[C:/My Websites/职业百科/www.careerplanwiki.com/wiki/古典文献学/3796.html]
[C:/My Websites/职业百科/www.careerplanwiki.com/wiki/应用语言学/3797.html]
[C:/My Websites/职业百科/www.careerplanwiki.com/wiki/秘书学/3798.html]
[C:/My Websites/职业百科/www.careerplanwiki.com/wiki/中国语言与文化/6765.html]
[C:/My Websites/职业百科/www.careerplanwiki.com/wiki/手语翻译/6763.html]
[C:/My Websites/职业百科/www.careerplanwiki.com/wiki/桑戈语/6761.html]
[C:/My Websites/职业百科/www.careerplanwiki.com/wiki/英语/3857.html]
[C:/My Websites/职业百科/www.careerplanwiki.com/wiki/俄语/3860.html]
[C:/My Websites/职业百科/www.careerplanwiki.com/wiki/德语/3799.html]
[C:/My Websites/职业百科/www.careerplanwiki.com/wiki/法语/3802.html]
[C:/My Websites/职业百科/www.careerplanwiki.com/wiki/西班牙语/3805.html]
[C:/My Websites/职业百科/www.careerplanwiki.com/wiki/阿拉伯语/3808.html]
[C:/My Websites/职业百科/www.careerplanwiki.com/wiki/日语/3811.html]
[C:/My Websites/职业百科/www.careerplanwiki.com/wiki/波斯语/3814.html]
[C:/My Websites/职业百科/www.careerplanwiki.com/wiki/朝鲜语/3817.html]
[C:/My Websites/职业百科/www.careerplanwiki.com/wiki/菲律宾语/6677.html]
[C:/My Websites/职业百科/www.careerplanwiki.com/wiki/语言学/3819.html]
[C:/My Websites/职业百科/www.careerplanwiki.com/wiki/塔玛齐格特语/6674.html]
[C:/My Websites/职业百科/www.careerplanwiki.com/wiki/爪哇语/6675.html]
[C:/My Websites/职业百科/www.careerplanwiki.com/wiki/旁遮普语/6563.html]
[C:/My Websites/职业百科/www.careerplanwiki.com/wiki/梵语巴利语/3821.html]
[C:/My Websites/职业百科/www.careerplanwiki.com/wiki/印度尼西亚语/3823.html]
[C:/My Websites/职业百科/www.careerplanwiki.com/wiki/印地语/3825.html]
[C:/My Websites/职业百科/www.careerplanwiki.com/wiki/柬埔寨语/3826.html]
[C:/My Websites/职业百科/www.careerplanwiki.com/wiki/老挝语/3827.html]
[C:/My Websites/职业百科/www.careerplanwiki.com/wiki/缅甸语/3815.html]
[C:/My Websites/职业百科/www.careerplanwiki.com/wiki/马来语/3828.html]
[C:/My Websites/职业百科/www.careerplanwiki.com/wiki/蒙古语/3829.html]
[C:/My Websites/职业百科/www.careerplanwiki.com/wiki/僧伽罗语/3830.html]
[C:/My Websites/职业百科/www.careerplanwiki.com/wiki/泰语/3831.html]
[C:/My Websites/职业百科/www.careerplanwiki.com/wiki/乌尔都语/3832.html]
[C:/My Websites/职业百科/www.careerplanwiki.com/wiki/希伯来语/3833.html]
[C:/My Websites/职业百科/www.careerplanwiki.com/wiki/越南语/3834.html]
[C:/My Websites/职业百科/www.careerplanwiki.com/wiki/豪萨语/3836.html]
[C:/My Websites/职业百科/www.careerplanwiki.com/wiki/斯瓦希里语/3838.html]
[C:/My Websites/职业百科/www.careerplanwiki.com/wiki/阿尔巴尼亚语/3840.html]
[C:/My Websites/职业百科/www.careerplanwiki.com/wiki/保加利亚语/3842.html]
[C:/My Websites/职业百科/www.careerplanwiki.com/wiki/波兰语/3844.html]
[C:/My Websites/职业百科/www.careerplanwiki.com/wiki/捷克语/3846.html]
[C:/My Websites/职业百科/www.careerplanwiki.com/wiki/斯洛伐克语/3848.html]
[C:/My Websites/职业百科/www.careerplanwiki.com/wiki/罗马尼亚语/3850.html]
[C:/My Websites/职业百科/www.careerplanwiki.com/wiki/葡萄牙语/3852.html]
[C:/My Websites/职业百科/www.careerplanwiki.com/wiki/瑞典语/3854.html]
[C:/My Websites/职业百科/www.careerplanwiki.com/wiki/塞尔维亚语/3856.html]
[C:/My Websites/职业百科/www.careerplanwiki.com/wiki/土耳其语/3859.html]
[C:/My Websites/职业百科/www.careerplanwiki.com/wiki/希腊语/3801.html]
[C:/My Websites/职业百科/www.careerplanwiki.com/wiki/匈牙利语/3804.html]
[C:/My Websites/职业百科/www.careerplanwiki.com/wiki/意大利语/3807.html]
[C:/My Websites/职业百科/www.careerplanwiki.com/wiki/泰米尔语/3810.html]
[C:/My Websites/职业百科/www.careerplanwiki.com/wiki/普什图语/3813.html]
[C:/My Websites/职业百科/www.careerplanwiki.com/wiki/世界语/3816.html]
[C:/My Websites/职业百科/www.careerplanwiki.com/wiki/孟加拉语/3818.html]
[C:/My Websites/职业百科/www.careerplanwiki.com/wiki/尼泊尔语/3820.html]
[C:/My Websites/职业百科/www.careerplanwiki.com/wiki/克罗地亚语/3822.html]
[C:/My Websites/职业百科/www.careerplanwiki.com/wiki/荷兰语/3824.html]
[C:/My Websites/职业百科/www.careerplanwiki.com/wiki/芬兰语/3835.html]
[C:/My Websites/职业百科/www.careerplanwiki.com/wiki/乌克兰语/3837.html]
[C:/My Websites/职业百科/www.careerplanwiki.com/wiki/挪威语/3839.html]
[C:/My Websites/职业百科/www.careerplanwiki.com/wiki/丹麦语/3841.html]
[C:/My Websites/职业百科/www.careerplanwiki.com/wiki/冰岛语/3843.html]
[C:/My Websites/职业百科/www.careerplanwiki.com/wiki/爱尔兰语/3845.html]
[C:/My Websites/职业百科/www.careerplanwiki.com/wiki/拉脱维亚语/3847.html]
[C:/My Websites/职业百科/www.careerplanwiki.com/wiki/立陶宛语/3849.html]
[C:/My Websites/职业百科/www.careerplanwiki.com/wiki/斯洛文尼亚语/3851.html]
[C:/My Websites/职业百科/www.careerplanwiki.com/wiki/爱沙尼亚语/3853.html]
[C:/My Websites/职业百科/www.careerplanwiki.com/wiki/马耳他语/3855.html]
[C:/My Websites/职业百科/www.careerplanwiki.com/wiki/哈萨克语/3858.html]
[C:/My Websites/职业百科/www.careerplanwiki.com/wiki/乌兹别克语/3800.html]
[C:/My Websites/职业百科/www.careerplanwiki.com/wiki/祖鲁语/3803.html]
[C:/My Websites/职业百科/www.careerplanwiki.com/wiki/拉丁语/3806.html]
[C:/My Websites/职业百科/www.careerplanwiki.com/wiki/翻译/3809.html]
[C:/My Websites/职业百科/www.careerplanwiki.com/wiki/商务英语/3812.html]
[C:/My Websites/职业百科/www.careerplanwiki.com/wiki/阿姆哈拉语/6760.html]
[C:/My Websites/职业百科/www.careerplanwiki.com/wiki/吉尔吉斯语/6758.html]
[C:/My Websites/职业百科/www.careerplanwiki.com/wiki/索马里语/6755.html]
[C:/My Websites/职业百科/www.careerplanwiki.com/wiki/土库曼语/6753.html]
[C:/My Websites/职业百科/www.careerplanwiki.com/wiki/加泰罗尼亚语/6750.html]
[C:/My Websites/职业百科/www.careerplanwiki.com/wiki/约鲁巴语/6747.html]
[C:/My Websites/职业百科/www.careerplanwiki.com/wiki/亚美尼亚语/6744.html]
[C:/My Websites/职业百科/www.careerplanwiki.com/wiki/马达加斯加语/6743.html]
[C:/My Websites/职业百科/www.careerplanwiki.com/wiki/格鲁吉亚语/6740.html]
[C:/My Websites/职业百科/www.careerplanwiki.com/wiki/阿塞拜疆语/6737.html]
[C:/My Websites/职业百科/www.careerplanwiki.com/wiki/阿非利卡语/6735.html]
[C:/My Websites/职业百科/www.careerplanwiki.com/wiki/马其顿语/6732.html]
[C:/My Websites/职业百科/www.careerplanwiki.com/wiki/塔吉克语/6729.html]
[C:/My Websites/职业百科/www.careerplanwiki.com/wiki/茨瓦纳语/6727.html]
[C:/My Websites/职业百科/www.careerplanwiki.com/wiki/恩德贝莱语/6725.html]
[C:/My Websites/职业百科/www.careerplanwiki.com/wiki/科摩罗语/6723.html]
[C:/My Websites/职业百科/www.careerplanwiki.com/wiki/克里奥尔语/6721.html]
[C:/My Websites/职业百科/www.careerplanwiki.com/wiki/绍纳语/6718.html]
[C:/My Websites/职业百科/www.careerplanwiki.com/wiki/提格雷尼亚语/6716.html]
[C:/My Websites/职业百科/www.careerplanwiki.com/wiki/白俄罗斯语/6714.html]
[C:/My Websites/职业百科/www.careerplanwiki.com/wiki/毛利语/6712.html]
[C:/My Websites/职业百科/www.careerplanwiki.com/wiki/汤加语/6709.html]
[C:/My Websites/职业百科/www.careerplanwiki.com/wiki/萨摩亚语/6708.html]
[C:/My Websites/职业百科/www.careerplanwiki.com/wiki/库尔德语/6705.html]
[C:/My Websites/职业百科/www.careerplanwiki.com/wiki/比斯拉马语/6703.html]
[C:/My Websites/职业百科/www.careerplanwiki.com/wiki/达里语/6700.html]
[C:/My Websites/职业百科/www.careerplanwiki.com/wiki/德顿语/6697.html]
[C:/My Websites/职业百科/www.careerplanwiki.com/wiki/迪维希语/6695.html]
[C:/My Websites/职业百科/www.careerplanwiki.com/wiki/斐济语/6693.html]
[C:/My Websites/职业百科/www.careerplanwiki.com/wiki/库克群岛毛利语/6691.html]
[C:/My Websites/职业百科/www.careerplanwiki.com/wiki/隆迪语/6689.html]
[C:/My Websites/职业百科/www.careerplanwiki.com/wiki/卢森堡语/6687.html]
[C:/My Websites/职业百科/www.careerplanwiki.com/wiki/卢旺达语/6684.html]
[C:/My Websites/职业百科/www.careerplanwiki.com/wiki/纽埃语/6683.html]
[C:/My Websites/职业百科/www.careerplanwiki.com/wiki/皮金语/6682.html]
[C:/My Websites/职业百科/www.careerplanwiki.com/wiki/切瓦语/6680.html]
[C:/My Websites/职业百科/www.careerplanwiki.com/wiki/塞苏陀语/6678.html]
[C:/My Websites/职业百科/www.careerplanwiki.com/wiki/历史学/3861.html]
[C:/My Websites/职业百科/www.careerplanwiki.com/wiki/世界史/3862.html]
[C:/My Websites/职业百科/www.careerplanwiki.com/wiki/考古学/3863.html]
[C:/My Websites/职业百科/www.careerplanwiki.com/wiki/文物与博物馆学/3864.html]
[C:/My Websites/职业百科/www.careerplanwiki.com/wiki/文物保护技术/3865.html]
[C:/My Websites/职业百科/www.careerplanwiki.com/wiki/外国语言与外国历史/3866.html]
[C:/My Websites/职业百科/www.careerplanwiki.com/wiki/文化遗产/6669.html]
[C:/My Websites/职业百科/www.careerplanwiki.com/wiki/古文字学/6571.html]
[C:/My Websites/职业百科/www.careerplanwiki.com/wiki/科学史/6572.html]
[C:/My Websites/职业百科/www.careerplanwiki.com/wiki/物理学/3867.html]
[C:/My Websites/职业百科/www.careerplanwiki.com/wiki/应用物理学/3868.html]
[C:/My Websites/职业百科/www.careerplanwiki.com/wiki/核物理/3869.html]
[C:/My Websites/职业百科/www.careerplanwiki.com/wiki/声学/3870.html]
[C:/My Websites/职业百科/www.careerplanwiki.com/wiki/系统科学与工程/6666.html]
[C:/My Websites/职业百科/www.careerplanwiki.com/wiki/量子信息科学/6573.html]
[C:/My Websites/职业百科/www.careerplanwiki.com/wiki/心理学/3871.html]
[C:/My Websites/职业百科/www.careerplanwiki.com/wiki/应用心理学/3872.html]
[C:/My Websites/职业百科/www.careerplanwiki.com/wiki/海洋科学/3873.html]
[C:/My Websites/职业百科/www.careerplanwiki.com/wiki/海洋技术/3874.html]
[C:/My Websites/职业百科/www.careerplanwiki.com/wiki/海洋资源与环境/3875.html]
[C:/My Websites/职业百科/www.careerplanwiki.com/wiki/军事海洋学/3876.html]
[C:/My Websites/职业百科/www.careerplanwiki.com/wiki/化学/3877.html]
[C:/My Websites/职业百科/www.careerplanwiki.com/wiki/应用化学/3878.html]
[C:/My Websites/职业百科/www.careerplanwiki.com/wiki/化学生物学/3879.html]
[C:/My Websites/职业百科/www.careerplanwiki.com/wiki/分子科学与工程/3880.html]
[C:/My Websites/职业百科/www.careerplanwiki.com/wiki/能源化学/6665.html]
[C:/My Websites/职业百科/www.careerplanwiki.com/wiki/化学测量学与技术/6574.html]
[C:/My Websites/职业百科/www.careerplanwiki.com/wiki/生物科学/3881.html]
[C:/My Websites/职业百科/www.careerplanwiki.com/wiki/生物技术/3882.html]
[C:/My Websites/职业百科/www.careerplanwiki.com/wiki/生物信息学/3883.html]
[C:/My Websites/职业百科/www.careerplanwiki.com/wiki/生态学/3884.html]
[C:/My Websites/职业百科/www.careerplanwiki.com/wiki/整合科学/6662.html]
[C:/My Websites/职业百科/www.careerplanwiki.com/wiki/神经科学/6661.html]
[C:/My Websites/职业百科/www.careerplanwiki.com/wiki/数学与应用数学/3885.html]
[C:/My Websites/职业百科/www.careerplanwiki.com/wiki/信息与计算科学/3886.html]
[C:/My Websites/职业百科/www.careerplanwiki.com/wiki/数理基础科学/3887.html]
[C:/My Websites/职业百科/www.careerplanwiki.com/wiki/数据计算及应用/6668.html]
[C:/My Websites/职业百科/www.careerplanwiki.com/wiki/大气科学/3888.html]
[C:/My Websites/职业百科/www.careerplanwiki.com/wiki/应用气象学/3889.html]
[C:/My Websites/职业百科/www.careerplanwiki.com/wiki/气象技术与工程/6047.html]
[C:/My Websites/职业百科/www.careerplanwiki.com/wiki/天文学/3890.html]
[C:/My Websites/职业百科/www.careerplanwiki.com/wiki/地理科学/3894.html]
[C:/My Websites/职业百科/www.careerplanwiki.com/wiki/自然地理与资源环境/3891.html]
[C:/My Websites/职业百科/www.careerplanwiki.com/wiki/人文地理与城乡规划/3892.html]
[C:/My Websites/职业百科/www.careerplanwiki.com/wiki/地理信息科学/3893.html]
[C:/My Websites/职业百科/www.careerplanwiki.com/wiki/统计学/3895.html]
[C:/My Websites/职业百科/www.careerplanwiki.com/wiki/应用统计学/3896.html]
[C:/My Websites/职业百科/www.careerplanwiki.com/wiki/地球物理学/3897.html]
[C:/My Websites/职业百科/www.careerplanwiki.com/wiki/空间科学与技术/3898.html]
[C:/My Websites/职业百科/www.careerplanwiki.com/wiki/防灾减灾科学与工程/6664.html]
[C:/My Websites/职业百科/www.careerplanwiki.com/wiki/行星科学/6575.html]
[C:/My Websites/职业百科/www.careerplanwiki.com/wiki/地质学/3899.html]
[C:/My Websites/职业百科/www.careerplanwiki.com/wiki/地球化学/3900.html]
[C:/My Websites/职业百科/www.careerplanwiki.com/wiki/地球信息科学与技术/3901.html]
[C:/My Websites/职业百科/www.careerplanwiki.com/wiki/古生物学/3902.html]
[C:/My Websites/职业百科/www.careerplanwiki.com/wiki/采矿工程/3903.html]
[C:/My Websites/职业百科/www.careerplanwiki.com/wiki/石油工程/3904.html]
[C:/My Websites/职业百科/www.careerplanwiki.com/wiki/矿物加工工程/3905.html]
[C:/My Websites/职业百科/www.careerplanwiki.com/wiki/油气储运工程/3906.html]
[C:/My Websites/职业百科/www.careerplanwiki.com/wiki/矿物资源工程/3907.html]
[C:/My Websites/职业百科/www.careerplanwiki.com/wiki/海洋油气工程/3908.html]
[C:/My Websites/职业百科/www.careerplanwiki.com/wiki/智能采矿工程/6594.html]
[C:/My Websites/职业百科/www.careerplanwiki.com/wiki/碳储科学与工程/6595.html]
[C:/My Websites/职业百科/www.careerplanwiki.com/wiki/理论与应用力学/3909.html]
[C:/My Websites/职业百科/www.careerplanwiki.com/wiki/工程力学/3910.html]
[C:/My Websites/职业百科/www.careerplanwiki.com/wiki/电子信息工程/3924.html]
[C:/My Websites/职业百科/www.careerplanwiki.com/wiki/电子科学与技术/3925.html]
[C:/My Websites/职业百科/www.careerplanwiki.com/wiki/通信工程/3926.html]
[C:/My Websites/职业百科/www.careerplanwiki.com/wiki/微电子科学与工程/3911.html]
[C:/My Websites/职业百科/www.careerplanwiki.com/wiki/光电信息科学与工程/3912.html]
[C:/My Websites/职业百科/www.careerplanwiki.com/wiki/信息工程/3913.html]
[C:/My Websites/职业百科/www.careerplanwiki.com/wiki/广播电视工程/3914.html]
[C:/My Websites/职业百科/www.careerplanwiki.com/wiki/水声工程/3915.html]
[C:/My Websites/职业百科/www.careerplanwiki.com/wiki/电子封装技术/3916.html]
[C:/My Websites/职业百科/www.careerplanwiki.com/wiki/集成电路设计与集成系统/3917.html]
[C:/My Websites/职业百科/www.careerplanwiki.com/wiki/医学信息工程/3918.html]
[C:/My Websites/职业百科/www.careerplanwiki.com/wiki/电磁场与无线技术/3919.html]
[C:/My Websites/职业百科/www.careerplanwiki.com/wiki/电波传播与天线/3920.html]
[C:/My Websites/职业百科/www.careerplanwiki.com/wiki/电子信息科学与技术/3921.html]
[C:/My Websites/职业百科/www.careerplanwiki.com/wiki/电信工程及管理/3922.html]
[C:/My Websites/职业百科/www.careerplanwiki.com/wiki/应用电子技术教育/3923.html]
[C:/My Websites/职业百科/www.careerplanwiki.com/wiki/人工智能/6633.html]
[C:/My Websites/职业百科/www.careerplanwiki.com/wiki/海洋信息工程/6772.html]
[C:/My Websites/职业百科/www.careerplanwiki.com/wiki/柔性电子学/6585.html]
[C:/My Websites/职业百科/www.careerplanwiki.com/wiki/智能测控工程/6586.html]
[C:/My Websites/职业百科/www.careerplanwiki.com/wiki/森林工程/3927.html]
[C:/My Websites/职业百科/www.careerplanwiki.com/wiki/木材科学与工程/3928.html]
[C:/My Websites/职业百科/www.careerplanwiki.com/wiki/林产化工/3929.html]
[C:/My Websites/职业百科/www.careerplanwiki.com/wiki/家具设计与工程/6656.html]
[C:/My Websites/职业百科/www.careerplanwiki.com/wiki/木结构建筑与材料/6602.html]
[C:/My Websites/职业百科/www.careerplanwiki.com/wiki/纺织工程/3930.html]
[C:/My Websites/职业百科/www.careerplanwiki.com/wiki/服装设计与工程/3931.html]
[C:/My Websites/职业百科/www.careerplanwiki.com/wiki/非织造材料与工程/3932.html]
[C:/My Websites/职业百科/www.careerplanwiki.com/wiki/服装设计与工艺教育/3933.html]
[C:/My Websites/职业百科/www.careerplanwiki.com/wiki/丝绸设计与工程/6713.html]
[C:/My Websites/职业百科/www.careerplanwiki.com/wiki/测控技术与仪器/3934.html]
[C:/My Websites/职业百科/www.careerplanwiki.com/wiki/精密仪器/6652.html]
[C:/My Websites/职业百科/www.careerplanwiki.com/wiki/智能感知工程/6650.html]
[C:/My Websites/职业百科/www.careerplanwiki.com/wiki/刑事科学技术/3941.html]
[C:/My Websites/职业百科/www.careerplanwiki.com/wiki/消防工程/3942.html]
[C:/My Websites/职业百科/www.careerplanwiki.com/wiki/交通管理工程/3943.html]
[C:/My Websites/职业百科/www.careerplanwiki.com/wiki/安全防范工程/3935.html]
[C:/My Websites/职业百科/www.careerplanwiki.com/wiki/公安视听技术/3936.html]
[C:/My Websites/职业百科/www.careerplanwiki.com/wiki/抢险救援指挥与技术/3937.html]
[C:/My Websites/职业百科/www.careerplanwiki.com/wiki/火灾勘查/3938.html]
[C:/My Websites/职业百科/www.careerplanwiki.com/wiki/网络安全与执法/3939.html]
[C:/My Websites/职业百科/www.careerplanwiki.com/wiki/核生化消防/3940.html]
[C:/My Websites/职业百科/www.careerplanwiki.com/wiki/海警舰艇指挥与技术/6694.html]
[C:/My Websites/职业百科/www.careerplanwiki.com/wiki/数据警务技术/6698.html]
[C:/My Websites/职业百科/www.careerplanwiki.com/wiki/食品药品环境犯罪侦查技术/6603.html]
[C:/My Websites/职业百科/www.careerplanwiki.com/wiki/能源与动力工程/3944.html]
[C:/My Websites/职业百科/www.careerplanwiki.com/wiki/能源与环境系统工程/3945.html]
[C:/My Websites/职业百科/www.careerplanwiki.com/wiki/新能源科学与工程/3946.html]
[C:/My Websites/职业百科/www.careerplanwiki.com/wiki/储能科学与工程/6641.html]
[C:/My Websites/职业百科/www.careerplanwiki.com/wiki/能源服务工程/6580.html]
[C:/My Websites/职业百科/www.careerplanwiki.com/wiki/氢能科学与工程/6581.html]
[C:/My Websites/职业百科/www.careerplanwiki.com/wiki/可持续能源/6582.html]
[C:/My Websites/职业百科/www.careerplanwiki.com/wiki/农业工程/3949.html]
[C:/My Websites/职业百科/www.careerplanwiki.com/wiki/农业机械化及其自动化/3950.html]
[C:/My Websites/职业百科/www.careerplanwiki.com/wiki/农业电气化/3951.html]
[C:/My Websites/职业百科/www.careerplanwiki.com/wiki/农业建筑环境与能源工程/3947.html]
[C:/My Websites/职业百科/www.careerplanwiki.com/wiki/农业水利工程/3948.html]
[C:/My Websites/职业百科/www.careerplanwiki.com/wiki/土地整治工程/6651.html]
[C:/My Websites/职业百科/www.careerplanwiki.com/wiki/农业智能装备工程/6653.html]
[C:/My Websites/职业百科/www.careerplanwiki.com/wiki/轻化工程/3952.html]
[C:/My Websites/职业百科/www.careerplanwiki.com/wiki/包装工程/3953.html]
[C:/My Websites/职业百科/www.careerplanwiki.com/wiki/印刷工程/3954.html]
[C:/My Websites/职业百科/www.careerplanwiki.com/wiki/香料香精技术与工程/6711.html]
[C:/My Websites/职业百科/www.careerplanwiki.com/wiki/化妆品技术与工程/6707.html]
[C:/My Websites/职业百科/www.careerplanwiki.com/wiki/生物质能源与材料/6596.html]
[C:/My Websites/职业百科/www.careerplanwiki.com/wiki/船舶与海洋工程/3955.html]
[C:/My Websites/职业百科/www.careerplanwiki.com/wiki/海洋工程与技术/3956.html]
[C:/My Websites/职业百科/www.careerplanwiki.com/wiki/海洋资源开发技术/3957.html]
[C:/My Websites/职业百科/www.careerplanwiki.com/wiki/海洋机器人/6699.html]
[C:/My Websites/职业百科/www.careerplanwiki.com/wiki/智慧海洋技术/6599.html]
[C:/My Websites/职业百科/www.careerplanwiki.com/wiki/航空航天工程/3958.html]
[C:/My Websites/职业百科/www.careerplanwiki.com/wiki/飞行器设计与工程/3959.html]
[C:/My Websites/职业百科/www.careerplanwiki.com/wiki/飞行器制造工程/3960.html]
[C:/My Websites/职业百科/www.careerplanwiki.com/wiki/飞行器动力工程/3961.html]
[C:/My Websites/职业百科/www.careerplanwiki.com/wiki/飞行器环境与生命保障工程/3962.html]
[C:/My Websites/职业百科/www.careerplanwiki.com/wiki/飞行器质量与可靠性/3963.html]
[C:/My Websites/职业百科/www.careerplanwiki.com/wiki/飞行器适航技术/3964.html]
[C:/My Websites/职业百科/www.careerplanwiki.com/wiki/飞行器控制与信息工程/6647.html]
[C:/My Websites/职业百科/www.careerplanwiki.com/wiki/无人驾驶航空器系统工程/6648.html]
[C:/My Websites/职业百科/www.careerplanwiki.com/wiki/智能飞行器技术/6600.html]
[C:/My Websites/职业百科/www.careerplanwiki.com/wiki/空天智能电推进技术/6601.html]
[C:/My Websites/职业百科/www.careerplanwiki.com/wiki/自动化/3965.html]
[C:/My Websites/职业百科/www.careerplanwiki.com/wiki/轨道交通信号与控制/3966.html]
[C:/My Websites/职业百科/www.careerplanwiki.com/wiki/机器人工程/6770.html]
[C:/My Websites/职业百科/www.careerplanwiki.com/wiki/邮政工程/6768.html]
[C:/My Websites/职业百科/www.careerplanwiki.com/wiki/核电技术与控制工程/6766.html]
[C:/My Websites/职业百科/www.careerplanwiki.com/wiki/智能装备与系统/6764.html]
[C:/My Websites/职业百科/www.careerplanwiki.com/wiki/工业智能/6759.html]
[C:/My Websites/职业百科/www.careerplanwiki.com/wiki/智能工程与创意设计/6587.html]
[C:/My Websites/职业百科/www.careerplanwiki.com/wiki/核工程与核技术/3967.html]
[C:/My Websites/职业百科/www.careerplanwiki.com/wiki/辐射防护与核安全/3968.html]
[C:/My Websites/职业百科/www.careerplanwiki.com/wiki/工程物理/3969.html]
[C:/My Websites/职业百科/www.careerplanwiki.com/wiki/核化工与核燃料工程/3970.html]
[C:/My Websites/职业百科/www.careerplanwiki.com/wiki/化学工程与工艺/3971.html]
[C:/My Websites/职业百科/www.careerplanwiki.com/wiki/制药工程/3972.html]
[C:/My Websites/职业百科/www.careerplanwiki.com/wiki/资源循环科学与工程/3973.html]
[C:/My Websites/职业百科/www.careerplanwiki.com/wiki/能源化学工程/3974.html]
[C:/My Websites/职业百科/www.careerplanwiki.com/wiki/化学工程与工业生物工程/3975.html]
[C:/My Websites/职业百科/www.careerplanwiki.com/wiki/化工安全工程/6722.html]
[C:/My Websites/职业百科/www.careerplanwiki.com/wiki/涂料工程/6719.html]
[C:/My Websites/职业百科/www.careerplanwiki.com/wiki/精细化工/6717.html]
[C:/My Websites/职业百科/www.careerplanwiki.com/wiki/生物工程/3976.html]
[C:/My Websites/职业百科/www.careerplanwiki.com/wiki/生物制药/3977.html]
[C:/My Websites/职业百科/www.careerplanwiki.com/wiki/合成生物学/6690.html]
[C:/My Websites/职业百科/www.careerplanwiki.com/wiki/安全工程/3978.html]
[C:/My Websites/职业百科/www.careerplanwiki.com/wiki/应急技术与管理/6685.html]
[C:/My Websites/职业百科/www.careerplanwiki.com/wiki/职业卫生工程/6688.html]
[C:/My Websites/职业百科/www.careerplanwiki.com/wiki/环境科学与工程/3979.html]
[C:/My Websites/职业百科/www.careerplanwiki.com/wiki/环境工程/3980.html]
[C:/My Websites/职业百科/www.careerplanwiki.com/wiki/环境科学/3981.html]
[C:/My Websites/职业百科/www.careerplanwiki.com/wiki/环境生态工程/3982.html]
[C:/My Websites/职业百科/www.careerplanwiki.com/wiki/环保设备工程/3983.html]
[C:/My Websites/职业百科/www.careerplanwiki.com/wiki/资源环境科学/3984.html]
[C:/My Websites/职业百科/www.careerplanwiki.com/wiki/水质科学与技术/3985.html]
[C:/My Websites/职业百科/www.careerplanwiki.com/wiki/生物医学工程/3986.html]
[C:/My Websites/职业百科/www.careerplanwiki.com/wiki/假肢矫形工程/3987.html]
[C:/My Websites/职业百科/www.careerplanwiki.com/wiki/临床工程技术/6658.html]
[C:/My Websites/职业百科/www.careerplanwiki.com/wiki/康复工程/6660.html]
[C:/My Websites/职业百科/www.careerplanwiki.com/wiki/武器系统与工程/3988.html]
[C:/My Websites/职业百科/www.careerplanwiki.com/wiki/武器发射工程/3989.html]
[C:/My Websites/职业百科/www.careerplanwiki.com/wiki/探测制导与控制技术/3990.html]
[C:/My Websites/职业百科/www.careerplanwiki.com/wiki/弹药工程与爆炸技术/3991.html]
[C:/My Websites/职业百科/www.careerplanwiki.com/wiki/特种能源技术与工程/3992.html]
[C:/My Websites/职业百科/www.careerplanwiki.com/wiki/装甲车辆工程/3993.html]
[C:/My Websites/职业百科/www.careerplanwiki.com/wiki/信息对抗技术/3994.html]
[C:/My Websites/职业百科/www.careerplanwiki.com/wiki/智能无人系统技术/6649.html]
[C:/My Websites/职业百科/www.careerplanwiki.com/wiki/机械工程/4002.html]
[C:/My Websites/职业百科/www.careerplanwiki.com/wiki/机械设计制造及其自动化/4003.html]
[C:/My Websites/职业百科/www.careerplanwiki.com/wiki/材料成型及控制工程/4004.html]
[C:/My Websites/职业百科/www.careerplanwiki.com/wiki/机械电子工程/4005.html]
[C:/My Websites/职业百科/www.careerplanwiki.com/wiki/工业设计/4006.html]
[C:/My Websites/职业百科/www.careerplanwiki.com/wiki/过程装备与控制工程/3995.html]
[C:/My Websites/职业百科/www.careerplanwiki.com/wiki/车辆工程/3996.html]
[C:/My Websites/职业百科/www.careerplanwiki.com/wiki/汽车服务工程/3997.html]
[C:/My Websites/职业百科/www.careerplanwiki.com/wiki/机械工艺技术/3998.html]
[C:/My Websites/职业百科/www.careerplanwiki.com/wiki/微机电系统工程/3999.html]
[C:/My Websites/职业百科/www.careerplanwiki.com/wiki/机电技术教育/4000.html]
[C:/My Websites/职业百科/www.careerplanwiki.com/wiki/汽车维修工程教育/4001.html]
[C:/My Websites/职业百科/www.careerplanwiki.com/wiki/智能制造工程/6659.html]
[C:/My Websites/职业百科/www.careerplanwiki.com/wiki/智能车辆工程/6657.html]
[C:/My Websites/职业百科/www.careerplanwiki.com/wiki/仿生科学与工程/6655.html]
[C:/My Websites/职业百科/www.careerplanwiki.com/wiki/新能源汽车工程/6654.html]
[C:/My Websites/职业百科/www.careerplanwiki.com/wiki/增材制造工程/6576.html]
[C:/My Websites/职业百科/www.careerplanwiki.com/wiki/智能交互设计/6577.html]
[C:/My Websites/职业百科/www.careerplanwiki.com/wiki/应急装备技术与工程/6578.html]
[C:/My Websites/职业百科/www.careerplanwiki.com/wiki/食品科学与工程/4007.html]
[C:/My Websites/职业百科/www.careerplanwiki.com/wiki/食品质量与安全/4008.html]
[C:/My Websites/职业百科/www.careerplanwiki.com/wiki/粮食工程/4009.html]
[C:/My Websites/职业百科/www.careerplanwiki.com/wiki/乳品工程/4010.html]
[C:/My Websites/职业百科/www.careerplanwiki.com/wiki/酿酒工程/4011.html]
[C:/My Websites/职业百科/www.careerplanwiki.com/wiki/葡萄与葡萄酒工程/4012.html]
[C:/My Websites/职业百科/www.careerplanwiki.com/wiki/食品营养与检验教育/4013.html]
[C:/My Websites/职业百科/www.careerplanwiki.com/wiki/烹饪与营养教育/4014.html]
[C:/My Websites/职业百科/www.careerplanwiki.com/wiki/食品安全与检测/6663.html]
[C:/My Websites/职业百科/www.careerplanwiki.com/wiki/食品营养与健康/6667.html]
[C:/My Websites/职业百科/www.careerplanwiki.com/wiki/食用菌科学与工程/6670.html]
[C:/My Websites/职业百科/www.careerplanwiki.com/wiki/白酒酿造工程/6673.html]
[C:/My Websites/职业百科/www.careerplanwiki.com/wiki/材料科学与工程/4015.html]
[C:/My Websites/职业百科/www.careerplanwiki.com/wiki/材料物理/4016.html]
[C:/My Websites/职业百科/www.careerplanwiki.com/wiki/材料化学/4017.html]
[C:/My Websites/职业百科/www.careerplanwiki.com/wiki/冶金工程/4018.html]
[C:/My Websites/职业百科/www.careerplanwiki.com/wiki/金属材料工程/4019.html]
[C:/My Websites/职业百科/www.careerplanwiki.com/wiki/无机非金属材料工程/4020.html]
[C:/My Websites/职业百科/www.careerplanwiki.com/wiki/高分子材料与工程/4021.html]
[C:/My Websites/职业百科/www.careerplanwiki.com/wiki/复合材料与工程/4022.html]
[C:/My Websites/职业百科/www.careerplanwiki.com/wiki/粉体材料科学与工程/4023.html]
[C:/My Websites/职业百科/www.careerplanwiki.com/wiki/宝石及材料工艺学/4024.html]
[C:/My Websites/职业百科/www.careerplanwiki.com/wiki/焊接技术与工程/4025.html]
[C:/My Websites/职业百科/www.careerplanwiki.com/wiki/功能材料/4026.html]
[C:/My Websites/职业百科/www.careerplanwiki.com/wiki/纳米材料与技术/4027.html]
[C:/My Websites/职业百科/www.careerplanwiki.com/wiki/新能源材料与器件/4028.html]
[C:/My Websites/职业百科/www.careerplanwiki.com/wiki/材料设计科学与工程/6646.html]
[C:/My Websites/职业百科/www.careerplanwiki.com/wiki/复合材料成型工程/6645.html]
[C:/My Websites/职业百科/www.careerplanwiki.com/wiki/智能材料与结构/6643.html]
[C:/My Websites/职业百科/www.careerplanwiki.com/wiki/光电信息材料与器件/6579.html]
[C:/My Websites/职业百科/www.careerplanwiki.com/wiki/计算机科学与技术/4029.html]
[C:/My Websites/职业百科/www.careerplanwiki.com/wiki/软件工程/4030.html]
[C:/My Websites/职业百科/www.careerplanwiki.com/wiki/网络工程/4031.html]
[C:/My Websites/职业百科/www.careerplanwiki.com/wiki/信息安全/4032.html]
[C:/My Websites/职业百科/www.careerplanwiki.com/wiki/物联网工程/4033.html]
[C:/My Websites/职业百科/www.careerplanwiki.com/wiki/数字媒体技术/4034.html]
[C:/My Websites/职业百科/www.careerplanwiki.com/wiki/智能科学与技术/4035.html]
[C:/My Websites/职业百科/www.careerplanwiki.com/wiki/空间信息与数字技术/4036.html]
[C:/My Websites/职业百科/www.careerplanwiki.com/wiki/电子与计算机工程/4037.html]
[C:/My Websites/职业百科/www.careerplanwiki.com/wiki/数据科学与大数据技术/6757.html]
[C:/My Websites/职业百科/www.careerplanwiki.com/wiki/网络空间安全/6549.html]
[C:/My Websites/职业百科/www.careerplanwiki.com/wiki/新媒体技术/6754.html]
[C:/My Websites/职业百科/www.careerplanwiki.com/wiki/电影制作/6751.html]
[C:/My Websites/职业百科/www.careerplanwiki.com/wiki/保密技术/6748.html]
[C:/My Websites/职业百科/www.careerplanwiki.com/wiki/服务科学与工程/6746.html]
[C:/My Websites/职业百科/www.careerplanwiki.com/wiki/虚拟现实技术/6742.html]
[C:/My Websites/职业百科/www.careerplanwiki.com/wiki/区块链工程/6739.html]
[C:/My Websites/职业百科/www.careerplanwiki.com/wiki/密码科学与技术/6588.html]
[C:/My Websites/职业百科/www.careerplanwiki.com/wiki/建筑学/4038.html]
[C:/My Websites/职业百科/www.careerplanwiki.com/wiki/城乡规划/4039.html]
[C:/My Websites/职业百科/www.careerplanwiki.com/wiki/风景园林/4040.html]
[C:/My Websites/职业百科/www.careerplanwiki.com/wiki/历史建筑保护工程/4041.html]
[C:/My Websites/职业百科/www.careerplanwiki.com/wiki/人居环境科学与技术/6676.html]
[C:/My Websites/职业百科/www.careerplanwiki.com/wiki/城市设计/6679.html]
[C:/My Websites/职业百科/www.careerplanwiki.com/wiki/智慧建筑与建造/6681.html]
[C:/My Websites/职业百科/www.careerplanwiki.com/wiki/水利水电工程/4042.html]
[C:/My Websites/职业百科/www.careerplanwiki.com/wiki/水文与水资源工程/4043.html]
[C:/My Websites/职业百科/www.careerplanwiki.com/wiki/港口航道与海岸工程/4044.html]
[C:/My Websites/职业百科/www.careerplanwiki.com/wiki/水务工程/4045.html]
[C:/My Websites/职业百科/www.careerplanwiki.com/wiki/水利科学与工程/6726.html]
[C:/My Websites/职业百科/www.careerplanwiki.com/wiki/智慧水利/6591.html]
[C:/My Websites/职业百科/www.careerplanwiki.com/wiki/测绘工程/4046.html]
[C:/My Websites/职业百科/www.careerplanwiki.com/wiki/遥感科学与技术/4047.html]
[C:/My Websites/职业百科/www.careerplanwiki.com/wiki/导航工程/4048.html]
[C:/My Websites/职业百科/www.careerplanwiki.com/wiki/地理国情监测/4049.html]
[C:/My Websites/职业百科/www.careerplanwiki.com/wiki/地理空间信息工程/6724.html]
[C:/My Websites/职业百科/www.careerplanwiki.com/wiki/交通运输/4056.html]
[C:/My Websites/职业百科/www.careerplanwiki.com/wiki/交通工程/4057.html]
[C:/My Websites/职业百科/www.careerplanwiki.com/wiki/航海技术/4050.html]
[C:/My Websites/职业百科/www.careerplanwiki.com/wiki/轮机工程/4051.html]
[C:/My Websites/职业百科/www.careerplanwiki.com/wiki/飞行技术/4052.html]
[C:/My Websites/职业百科/www.careerplanwiki.com/wiki/交通设备与控制工程/4053.html]
[C:/My Websites/职业百科/www.careerplanwiki.com/wiki/救助与打捞工程/4054.html]
[C:/My Websites/职业百科/www.careerplanwiki.com/wiki/船舶电子电气工程/4055.html]
[C:/My Websites/职业百科/www.careerplanwiki.com/wiki/轨道交通电气与控制/6704.html]
[C:/My Websites/职业百科/www.careerplanwiki.com/wiki/邮轮工程与管理/6701.html]
[C:/My Websites/职业百科/www.careerplanwiki.com/wiki/智慧交通/6597.html]
[C:/My Websites/职业百科/www.careerplanwiki.com/wiki/智能运输工程/6598.html]
[C:/My Websites/职业百科/www.careerplanwiki.com/wiki/地质工程/4058.html]
[C:/My Websites/职业百科/www.careerplanwiki.com/wiki/勘查技术与工程/4059.html]
[C:/My Websites/职业百科/www.careerplanwiki.com/wiki/资源勘查工程/4060.html]
[C:/My Websites/职业百科/www.careerplanwiki.com/wiki/地下水科学与工程/4061.html]
[C:/My Websites/职业百科/www.careerplanwiki.com/wiki/旅游地学与规划工程/6715.html]
[C:/My Websites/职业百科/www.careerplanwiki.com/wiki/智能地球探测/6592.html]
[C:/My Websites/职业百科/www.careerplanwiki.com/wiki/资源环境大数据工程/6593.html]
[C:/My Websites/职业百科/www.careerplanwiki.com/wiki/土木工程/4062.html]
[C:/My Websites/职业百科/www.careerplanwiki.com/wiki/建筑环境与能源应用工程/4063.html]
[C:/My Websites/职业百科/www.careerplanwiki.com/wiki/给排水科学与工程/4064.html]
[C:/My Websites/职业百科/www.careerplanwiki.com/wiki/建筑电气与智能化/4065.html]
[C:/My Websites/职业百科/www.careerplanwiki.com/wiki/城市地下空间工程/4066.html]
[C:/My Websites/职业百科/www.careerplanwiki.com/wiki/道路桥梁与渡河工程/4067.html]
[C:/My Websites/职业百科/www.careerplanwiki.com/wiki/铁道工程/6736.html]
[C:/My Websites/职业百科/www.careerplanwiki.com/wiki/智能建造/6734.html]
[C:/My Websites/职业百科/www.careerplanwiki.com/wiki/土木、水利与海洋工程/6731.html]
[C:/My Websites/职业百科/www.careerplanwiki.com/wiki/土木、水利与交通工程/6730.html]
[C:/My Websites/职业百科/www.careerplanwiki.com/wiki/城市水系统工程/6589.html]
[C:/My Websites/职业百科/www.careerplanwiki.com/wiki/智能建造与智慧交通/6590.html]
[C:/My Websites/职业百科/www.careerplanwiki.com/wiki/电气工程及其自动化/4068.html]
[C:/My Websites/职业百科/www.careerplanwiki.com/wiki/智能电网信息工程/4069.html]
[C:/My Websites/职业百科/www.careerplanwiki.com/wiki/光源与照明/4070.html]
[C:/My Websites/职业百科/www.careerplanwiki.com/wiki/电气工程与智能控制/4071.html]
[C:/My Websites/职业百科/www.careerplanwiki.com/wiki/电机电器智能化/6640.html]
[C:/My Websites/职业百科/www.careerplanwiki.com/wiki/电缆工程/6638.html]
[C:/My Websites/职业百科/www.careerplanwiki.com/wiki/能源互联网工程/6583.html]
[C:/My Websites/职业百科/www.careerplanwiki.com/wiki/智慧能源工程/6584.html]
[C:/My Websites/职业百科/www.careerplanwiki.com/wiki/动物科学/4072.html]
[C:/My Websites/职业百科/www.careerplanwiki.com/wiki/蚕学/4073.html]
[C:/My Websites/职业百科/www.careerplanwiki.com/wiki/蜂学/4074.html]
[C:/My Websites/职业百科/www.careerplanwiki.com/wiki/经济动物学/6728.html]
[C:/My Websites/职业百科/www.careerplanwiki.com/wiki/马业科学/6733.html]
[C:/My Websites/职业百科/www.careerplanwiki.com/wiki/饲料工程/6609.html]
[C:/My Websites/职业百科/www.careerplanwiki.com/wiki/智慧牧业科学与工程/6608.html]
[C:/My Websites/职业百科/www.careerplanwiki.com/wiki/林学/4075.html]
[C:/My Websites/职业百科/www.careerplanwiki.com/wiki/园林/4076.html]
[C:/My Websites/职业百科/www.careerplanwiki.com/wiki/森林保护/4077.html]
[C:/My Websites/职业百科/www.careerplanwiki.com/wiki/经济林/6807.html]
[C:/My Websites/职业百科/www.careerplanwiki.com/wiki/智慧林业/6611.html]
[C:/My Websites/职业百科/www.careerplanwiki.com/wiki/动物医学/4078.html]
[C:/My Websites/职业百科/www.careerplanwiki.com/wiki/动物药学/4079.html]
[C:/My Websites/职业百科/www.careerplanwiki.com/wiki/动植物检疫/4080.html]
[C:/My Websites/职业百科/www.careerplanwiki.com/wiki/实验动物学/6738.html]
[C:/My Websites/职业百科/www.careerplanwiki.com/wiki/中兽医学/6741.html]
[C:/My Websites/职业百科/www.careerplanwiki.com/wiki/兽医公共卫生/6610.html]
[C:/My Websites/职业百科/www.careerplanwiki.com/wiki/农学/4081.html]
[C:/My Websites/职业百科/www.careerplanwiki.com/wiki/园艺/4082.html]
[C:/My Websites/职业百科/www.careerplanwiki.com/wiki/植物保护/4083.html]
[C:/My Websites/职业百科/www.careerplanwiki.com/wiki/植物科学与技术/4084.html]
[C:/My Websites/职业百科/www.careerplanwiki.com/wiki/种子科学与工程/4085.html]
[C:/My Websites/职业百科/www.careerplanwiki.com/wiki/设施农业科学与工程/4086.html]
[C:/My Websites/职业百科/www.careerplanwiki.com/wiki/茶学/4087.html]
[C:/My Websites/职业百科/www.careerplanwiki.com/wiki/烟草/4088.html]
[C:/My Websites/职业百科/www.careerplanwiki.com/wiki/应用生物科学/4089.html]
[C:/My Websites/职业百科/www.careerplanwiki.com/wiki/农艺教育/4090.html]
[C:/My Websites/职业百科/www.careerplanwiki.com/wiki/园艺教育/4091.html]
[C:/My Websites/职业百科/www.careerplanwiki.com/wiki/智慧农业/6702.html]
[C:/My Websites/职业百科/www.careerplanwiki.com/wiki/菌物科学与工程/6706.html]
[C:/My Websites/职业百科/www.careerplanwiki.com/wiki/农药化肥/6710.html]
[C:/My Websites/职业百科/www.careerplanwiki.com/wiki/生物农药科学与工程/6604.html]
[C:/My Websites/职业百科/www.careerplanwiki.com/wiki/生物育种科学/6605.html]
[C:/My Websites/职业百科/www.careerplanwiki.com/wiki/农业资源与环境/4092.html]
[C:/My Websites/职业百科/www.careerplanwiki.com/wiki/野生动物与自然保护区管理/4093.html]
[C:/My Websites/职业百科/www.careerplanwiki.com/wiki/水土保持与荒漠化防治/4094.html]
[C:/My Websites/职业百科/www.careerplanwiki.com/wiki/生物质科学与工程/6720.html]
[C:/My Websites/职业百科/www.careerplanwiki.com/wiki/土地科学与技术/6606.html]
[C:/My Websites/职业百科/www.careerplanwiki.com/wiki/湿地保护与恢复/6607.html]
[C:/My Websites/职业百科/www.careerplanwiki.com/wiki/水产养殖学/4097.html]
[C:/My Websites/职业百科/www.careerplanwiki.com/wiki/海洋渔业科学与技术/4095.html]
[C:/My Websites/职业百科/www.careerplanwiki.com/wiki/水族科学与技术/4096.html]
[C:/My Websites/职业百科/www.careerplanwiki.com/wiki/水生动物医学/6806.html]
[C:/My Websites/职业百科/www.careerplanwiki.com/wiki/草业科学/4098.html]
[C:/My Websites/职业百科/www.careerplanwiki.com/wiki/草坪科学与工程/6805.html]
[C:/My Websites/职业百科/www.careerplanwiki.com/wiki/临床医学/4099.html]
[C:/My Websites/职业百科/www.careerplanwiki.com/wiki/麻醉学/4100.html]
[C:/My Websites/职业百科/www.careerplanwiki.com/wiki/医学影像学/4101.html]
[C:/My Websites/职业百科/www.careerplanwiki.com/wiki/眼视光医学/4102.html]
[C:/My Websites/职业百科/www.careerplanwiki.com/wiki/精神医学/4103.html]
[C:/My Websites/职业百科/www.careerplanwiki.com/wiki/放射医学/4104.html]
[C:/My Websites/职业百科/www.careerplanwiki.com/wiki/儿科学/6802.html]
[C:/My Websites/职业百科/www.careerplanwiki.com/wiki/药学/4105.html]
[C:/My Websites/职业百科/www.careerplanwiki.com/wiki/药物制剂/4106.html]
[C:/My Websites/职业百科/www.careerplanwiki.com/wiki/临床药学/4107.html]
[C:/My Websites/职业百科/www.careerplanwiki.com/wiki/药事管理/4108.html]
[C:/My Websites/职业百科/www.careerplanwiki.com/wiki/药物分析/4109.html]
[C:/My Websites/职业百科/www.careerplanwiki.com/wiki/药物化学/4110.html]
[C:/My Websites/职业百科/www.careerplanwiki.com/wiki/海洋药学/4111.html]
[C:/My Websites/职业百科/www.careerplanwiki.com/wiki/化妆品科学与技术/6795.html]
[C:/My Websites/职业百科/www.careerplanwiki.com/wiki/法医学/4112.html]
[C:/My Websites/职业百科/www.careerplanwiki.com/wiki/医学检验技术/4113.html]
[C:/My Websites/职业百科/www.careerplanwiki.com/wiki/医学实验技术/4120.html]
[C:/My Websites/职业百科/www.careerplanwiki.com/wiki/医学影像技术/4114.html]
[C:/My Websites/职业百科/www.careerplanwiki.com/wiki/眼视光学/4115.html]
[C:/My Websites/职业百科/www.careerplanwiki.com/wiki/康复治疗学/4116.html]
[C:/My Websites/职业百科/www.careerplanwiki.com/wiki/口腔医学技术/4117.html]
[C:/My Websites/职业百科/www.careerplanwiki.com/wiki/卫生检验与检疫/4118.html]
[C:/My Websites/职业百科/www.careerplanwiki.com/wiki/听力与言语康复学/4119.html]
[C:/My Websites/职业百科/www.careerplanwiki.com/wiki/康复物理治疗/6794.html]
[C:/My Websites/职业百科/www.careerplanwiki.com/wiki/康复作业治疗/6793.html]
[C:/My Websites/职业百科/www.careerplanwiki.com/wiki/智能医学工程/6696.html]
[C:/My Websites/职业百科/www.careerplanwiki.com/wiki/生物医药数据科学/6613.html]
[C:/My Websites/职业百科/www.careerplanwiki.com/wiki/智能影像工程/6614.html]
[C:/My Websites/职业百科/www.careerplanwiki.com/wiki/预防医学/4121.html]
[C:/My Websites/职业百科/www.careerplanwiki.com/wiki/食品卫生与营养学/4122.html]
[C:/My Websites/职业百科/www.careerplanwiki.com/wiki/妇幼保健医学/4123.html]
[C:/My Websites/职业百科/www.careerplanwiki.com/wiki/卫生监督/4124.html]
[C:/My Websites/职业百科/www.careerplanwiki.com/wiki/全球健康学/4125.html]
[C:/My Websites/职业百科/www.careerplanwiki.com/wiki/运动与公共健康/6612.html]
[C:/My Websites/职业百科/www.careerplanwiki.com/wiki/中西医临床医学/4126.html]
[C:/My Websites/职业百科/www.careerplanwiki.com/wiki/中药学/4132.html]
[C:/My Websites/职业百科/www.careerplanwiki.com/wiki/中药资源与开发/4127.html]
[C:/My Websites/职业百科/www.careerplanwiki.com/wiki/藏药学/4128.html]
[C:/My Websites/职业百科/www.careerplanwiki.com/wiki/蒙药学/4129.html]
[C:/My Websites/职业百科/www.careerplanwiki.com/wiki/中药制药/4130.html]
[C:/My Websites/职业百科/www.careerplanwiki.com/wiki/中草药栽培与鉴定/4131.html]
[C:/My Websites/职业百科/www.careerplanwiki.com/wiki/中医学/4133.html]
[C:/My Websites/职业百科/www.careerplanwiki.com/wiki/针灸推拿学/4134.html]
[C:/My Websites/职业百科/www.careerplanwiki.com/wiki/藏医学/4135.html]
[C:/My Websites/职业百科/www.careerplanwiki.com/wiki/蒙医学/4136.html]
[C:/My Websites/职业百科/www.careerplanwiki.com/wiki/维医学/4137.html]
[C:/My Websites/职业百科/www.careerplanwiki.com/wiki/壮医学/4138.html]
[C:/My Websites/职业百科/www.careerplanwiki.com/wiki/哈医学/4139.html]
[C:/My Websites/职业百科/www.careerplanwiki.com/wiki/傣医学/6801.html]
[C:/My Websites/职业百科/www.careerplanwiki.com/wiki/回医学/6800.html]
[C:/My Websites/职业百科/www.careerplanwiki.com/wiki/中医康复学/6799.html]
[C:/My Websites/职业百科/www.careerplanwiki.com/wiki/中医养生学/6798.html]
[C:/My Websites/职业百科/www.careerplanwiki.com/wiki/中医儿科学/6797.html]
[C:/My Websites/职业百科/www.careerplanwiki.com/wiki/中医骨伤科学/6796.html]
[C:/My Websites/职业百科/www.careerplanwiki.com/wiki/护理学/4140.html]
[C:/My Websites/职业百科/www.careerplanwiki.com/wiki/助产学/6792.html]
[C:/My Websites/职业百科/www.careerplanwiki.com/wiki/基础医学/4141.html]
[C:/My Websites/职业百科/www.careerplanwiki.com/wiki/生物医学/6804.html]
[C:/My Websites/职业百科/www.careerplanwiki.com/wiki/生物医学科学/6803.html]
[C:/My Websites/职业百科/www.careerplanwiki.com/wiki/口腔医学/4142.html]
[C:/My Websites/职业百科/www.careerplanwiki.com/wiki/电子商务/4143.html]
[C:/My Websites/职业百科/www.careerplanwiki.com/wiki/电子商务及法律/4144.html]
[C:/My Websites/职业百科/www.careerplanwiki.com/wiki/跨境电子商务/6817.html]
[C:/My Websites/职业百科/www.careerplanwiki.com/wiki/物流管理/4145.html]
[C:/My Websites/职业百科/www.careerplanwiki.com/wiki/物流工程/4146.html]
[C:/My Websites/职业百科/www.careerplanwiki.com/wiki/采购管理/4147.html]
[C:/My Websites/职业百科/www.careerplanwiki.com/wiki/供应链管理/6777.html]
[C:/My Websites/职业百科/www.careerplanwiki.com/wiki/旅游管理/4148.html]
[C:/My Websites/职业百科/www.careerplanwiki.com/wiki/酒店管理/4149.html]
[C:/My Websites/职业百科/www.careerplanwiki.com/wiki/会展经济与管理/4150.html]
[C:/My Websites/职业百科/www.careerplanwiki.com/wiki/旅游管理与服务教育/4151.html]
[C:/My Websites/职业百科/www.careerplanwiki.com/wiki/工商管理/4157.html]
[C:/My Websites/职业百科/www.careerplanwiki.com/wiki/市场营销/4158.html]
[C:/My Websites/职业百科/www.careerplanwiki.com/wiki/会计学/4159.html]
[C:/My Websites/职业百科/www.careerplanwiki.com/wiki/财务管理/4160.html]
[C:/My Websites/职业百科/www.careerplanwiki.com/wiki/国际商务/4161.html]
[C:/My Websites/职业百科/www.careerplanwiki.com/wiki/人力资源管理/4162.html]
[C:/My Websites/职业百科/www.careerplanwiki.com/wiki/审计学/4163.html]
[C:/My Websites/职业百科/www.careerplanwiki.com/wiki/资产评估/4164.html]
[C:/My Websites/职业百科/www.careerplanwiki.com/wiki/物业管理/4165.html]
[C:/My Websites/职业百科/www.careerplanwiki.com/wiki/文化产业管理/4152.html]
[C:/My Websites/职业百科/www.careerplanwiki.com/wiki/劳动关系/4153.html]
[C:/My Websites/职业百科/www.careerplanwiki.com/wiki/体育经济与管理/4154.html]
[C:/My Websites/职业百科/www.careerplanwiki.com/wiki/财务会计教育/4155.html]
[C:/My Websites/职业百科/www.careerplanwiki.com/wiki/市场营销教育/4156.html]
[C:/My Websites/职业百科/www.careerplanwiki.com/wiki/零售业管理/6787.html]
[C:/My Websites/职业百科/www.careerplanwiki.com/wiki/创业管理/6616.html]
[C:/My Websites/职业百科/www.careerplanwiki.com/wiki/海关稽查/6617.html]
[C:/My Websites/职业百科/www.careerplanwiki.com/wiki/工业工程/4166.html]
[C:/My Websites/职业百科/www.careerplanwiki.com/wiki/标准化工程/4167.html]
[C:/My Websites/职业百科/www.careerplanwiki.com/wiki/质量管理工程/4168.html]
[C:/My Websites/职业百科/www.careerplanwiki.com/wiki/公共事业管理/4169.html]
[C:/My Websites/职业百科/www.careerplanwiki.com/wiki/行政管理/4170.html]
[C:/My Websites/职业百科/www.careerplanwiki.com/wiki/劳动与社会保障/4171.html]
[C:/My Websites/职业百科/www.careerplanwiki.com/wiki/土地资源管理/4172.html]
[C:/My Websites/职业百科/www.careerplanwiki.com/wiki/城市管理/4173.html]
[C:/My Websites/职业百科/www.careerplanwiki.com/wiki/海关管理/4174.html]
[C:/My Websites/职业百科/www.careerplanwiki.com/wiki/交通管理/4175.html]
[C:/My Websites/职业百科/www.careerplanwiki.com/wiki/海事管理/4176.html]
[C:/My Websites/职业百科/www.careerplanwiki.com/wiki/公共关系学/4177.html]
[C:/My Websites/职业百科/www.careerplanwiki.com/wiki/健康服务与管理/6786.html]
[C:/My Websites/职业百科/www.careerplanwiki.com/wiki/医疗保险/6783.html]
[C:/My Websites/职业百科/www.careerplanwiki.com/wiki/养老服务管理/6779.html]
[C:/My Websites/职业百科/www.careerplanwiki.com/wiki/海关检验检疫安全/6618.html]
[C:/My Websites/职业百科/www.careerplanwiki.com/wiki/海外安全管理/6619.html]
[C:/My Websites/职业百科/www.careerplanwiki.com/wiki/自然资源登记与管理/6620.html]
[C:/My Websites/职业百科/www.careerplanwiki.com/wiki/慈善管理/6621.html]
[C:/My Websites/职业百科/www.careerplanwiki.com/wiki/农林经济管理/4178.html]
[C:/My Websites/职业百科/www.careerplanwiki.com/wiki/农村区域发展/4179.html]
[C:/My Websites/职业百科/www.careerplanwiki.com/wiki/管理科学/4180.html]
[C:/My Websites/职业百科/www.careerplanwiki.com/wiki/信息管理与信息系统/4181.html]
[C:/My Websites/职业百科/www.careerplanwiki.com/wiki/工程管理/4182.html]
[C:/My Websites/职业百科/www.careerplanwiki.com/wiki/房地产开发与管理/4183.html]
[C:/My Websites/职业百科/www.careerplanwiki.com/wiki/工程造价/4184.html]
[C:/My Websites/职业百科/www.careerplanwiki.com/wiki/保密管理/4185.html]
[C:/My Websites/职业百科/www.careerplanwiki.com/wiki/邮政管理/6615.html]
[C:/My Websites/职业百科/www.careerplanwiki.com/wiki/大数据管理与应用/6791.html]
[C:/My Websites/职业百科/www.careerplanwiki.com/wiki/工程审计/6790.html]
[C:/My Websites/职业百科/www.careerplanwiki.com/wiki/计算金融/6789.html]
[C:/My Websites/职业百科/www.careerplanwiki.com/wiki/应急管理/6788.html]
[C:/My Websites/职业百科/www.careerplanwiki.com/wiki/图书馆学/4186.html]
[C:/My Websites/职业百科/www.careerplanwiki.com/wiki/档案学/4187.html]
[C:/My Websites/职业百科/www.careerplanwiki.com/wiki/信息资源管理/4188.html]
[C:/My Websites/职业百科/www.careerplanwiki.com/wiki/表演/4196.html]
[C:/My Websites/职业百科/www.careerplanwiki.com/wiki/戏剧学/4197.html]
[C:/My Websites/职业百科/www.careerplanwiki.com/wiki/电影学/4198.html]
[C:/My Websites/职业百科/www.careerplanwiki.com/wiki/戏剧影视文学/4199.html]
[C:/My Websites/职业百科/www.careerplanwiki.com/wiki/广播电视编导/4189.html]
[C:/My Websites/职业百科/www.careerplanwiki.com/wiki/戏剧影视导演/4190.html]
[C:/My Websites/职业百科/www.careerplanwiki.com/wiki/戏剧影视美术设计/4191.html]
[C:/My Websites/职业百科/www.careerplanwiki.com/wiki/录音艺术/4192.html]
[C:/My Websites/职业百科/www.careerplanwiki.com/wiki/播音与主持艺术/4193.html]
[C:/My Websites/职业百科/www.careerplanwiki.com/wiki/动画/4194.html]
[C:/My Websites/职业百科/www.careerplanwiki.com/wiki/影视摄影与制作/4195.html]
[C:/My Websites/职业百科/www.careerplanwiki.com/wiki/影视技术/6745.html]
[C:/My Websites/职业百科/www.careerplanwiki.com/wiki/戏剧教育/6555.html]
[C:/My Websites/职业百科/www.careerplanwiki.com/wiki/曲艺/6624.html]
[C:/My Websites/职业百科/www.careerplanwiki.com/wiki/音乐剧/6046.html]
[C:/My Websites/职业百科/www.careerplanwiki.com/wiki/美术学/4200.html]
[C:/My Websites/职业百科/www.careerplanwiki.com/wiki/绘画/4201.html]
[C:/My Websites/职业百科/www.careerplanwiki.com/wiki/雕塑/4202.html]
[C:/My Websites/职业百科/www.careerplanwiki.com/wiki/摄影/4203.html]
[C:/My Websites/职业百科/www.careerplanwiki.com/wiki/书法学/4204.html]
[C:/My Websites/职业百科/www.careerplanwiki.com/wiki/中国画/4205.html]
[C:/My Websites/职业百科/www.careerplanwiki.com/wiki/实验艺术/6556.html]
[C:/My Websites/职业百科/www.careerplanwiki.com/wiki/跨媒体艺术/6557.html]
[C:/My Websites/职业百科/www.careerplanwiki.com/wiki/文物保护与修复/6558.html]
[C:/My Websites/职业百科/www.careerplanwiki.com/wiki/漫画/6559.html]
[C:/My Websites/职业百科/www.careerplanwiki.com/wiki/纤维艺术/6045.html]
[C:/My Websites/职业百科/www.careerplanwiki.com/wiki/科技艺术/6043.html]
[C:/My Websites/职业百科/www.careerplanwiki.com/wiki/美术教育/6554.html]
[C:/My Websites/职业百科/www.careerplanwiki.com/wiki/艺术史论/4206.html]
[C:/My Websites/职业百科/www.careerplanwiki.com/wiki/艺术管理/6774.html]
[C:/My Websites/职业百科/www.careerplanwiki.com/wiki/非物质文化遗产保护/6622.html]
[C:/My Websites/职业百科/www.careerplanwiki.com/wiki/音乐表演/4207.html]
[C:/My Websites/职业百科/www.careerplanwiki.com/wiki/音乐学/4208.html]
[C:/My Websites/职业百科/www.careerplanwiki.com/wiki/作曲与作曲技术理论/4209.html]
[C:/My Websites/职业百科/www.careerplanwiki.com/wiki/舞蹈表演/4210.html]
[C:/My Websites/职业百科/www.careerplanwiki.com/wiki/舞蹈学/4211.html]
[C:/My Websites/职业百科/www.careerplanwiki.com/wiki/舞蹈编导/4212.html]
[C:/My Websites/职业百科/www.careerplanwiki.com/wiki/舞蹈教育/6771.html]
[C:/My Websites/职业百科/www.careerplanwiki.com/wiki/航空服务艺术与管理/6762.html]
[C:/My Websites/职业百科/www.careerplanwiki.com/wiki/流行音乐/6756.html]
[C:/My Websites/职业百科/www.careerplanwiki.com/wiki/音乐治疗/6752.html]
[C:/My Websites/职业百科/www.careerplanwiki.com/wiki/流行舞蹈/6749.html]
[C:/My Websites/职业百科/www.careerplanwiki.com/wiki/音乐教育/6623.html]
[C:/My Websites/职业百科/www.careerplanwiki.com/wiki/艺术设计学/4213.html]
[C:/My Websites/职业百科/www.careerplanwiki.com/wiki/视觉传达设计/4214.html]
[C:/My Websites/职业百科/www.careerplanwiki.com/wiki/环境设计/4215.html]
[C:/My Websites/职业百科/www.careerplanwiki.com/wiki/产品设计/4216.html]
[C:/My Websites/职业百科/www.careerplanwiki.com/wiki/服装与服饰设计/4217.html]
[C:/My Websites/职业百科/www.careerplanwiki.com/wiki/公共艺术/4218.html]
[C:/My Websites/职业百科/www.careerplanwiki.com/wiki/工艺美术/4219.html]
[C:/My Websites/职业百科/www.careerplanwiki.com/wiki/数字媒体艺术/4220.html]
[C:/My Websites/职业百科/www.careerplanwiki.com/wiki/艺术与科技/4221.html]
[C:/My Websites/职业百科/www.careerplanwiki.com/wiki/陶瓷艺术设计/6560.html]
[C:/My Websites/职业百科/www.careerplanwiki.com/wiki/新媒体艺术/6561.html]
[C:/My Websites/职业百科/www.careerplanwiki.com/wiki/包装设计/6562.html]
[C:/My Websites/职业百科/www.careerplanwiki.com/wiki/珠宝首饰设计与工艺/6039.html]
[C:/My Websites/职业百科/www.careerplanwiki.com/wiki/种子生产与经营/4234.html]
[C:/My Websites/职业百科/www.careerplanwiki.com/wiki/作物生产与经营管理/4233.html]
[C:/My Websites/职业百科/www.careerplanwiki.com/wiki/现代农业技术/4236.html]
[C:/My Websites/职业百科/www.careerplanwiki.com/wiki/生态农业技术/4238.html]
[C:/My Websites/职业百科/www.careerplanwiki.com/wiki/园艺技术/4239.html]
[C:/My Websites/职业百科/www.careerplanwiki.com/wiki/植物保护与检疫技术/4240.html]
[C:/My Websites/职业百科/www.careerplanwiki.com/wiki/茶叶生产与加工技术/4241.html]
[C:/My Websites/职业百科/www.careerplanwiki.com/wiki/中草药栽培与加工技术/4242.html]
[C:/My Websites/职业百科/www.careerplanwiki.com/wiki/烟草栽培与加工技术/4243.html]
[C:/My Websites/职业百科/www.careerplanwiki.com/wiki/饲草生产技术/6448.html]
[C:/My Websites/职业百科/www.careerplanwiki.com/wiki/食用菌生产与加工技术/5096.html]
[C:/My Websites/职业百科/www.careerplanwiki.com/wiki/设施农业与装备/4235.html]
[C:/My Websites/职业百科/www.careerplanwiki.com/wiki/现代农业装备应用技术/4249.html]
[C:/My Websites/职业百科/www.careerplanwiki.com/wiki/农产品加工与质量检测/4245.html]
[C:/My Websites/职业百科/www.careerplanwiki.com/wiki/绿色食品生产技术/4246.html]
[C:/My Websites/职业百科/www.careerplanwiki.com/wiki/农产品流通与管理/4248.html]
[C:/My Websites/职业百科/www.careerplanwiki.com/wiki/棉花加工与经营管理/4244.html]
[C:/My Websites/职业百科/www.careerplanwiki.com/wiki/休闲农业经营与管理/4237.html]
[C:/My Websites/职业百科/www.careerplanwiki.com/wiki/现代农业经济管理/4250.html]
[C:/My Websites/职业百科/www.careerplanwiki.com/wiki/农村新型经济组织管理/4251.html]
[C:/My Websites/职业百科/www.careerplanwiki.com/wiki/林业技术/4253.html]
[C:/My Websites/职业百科/www.careerplanwiki.com/wiki/园林技术/4254.html]
[C:/My Websites/职业百科/www.careerplanwiki.com/wiki/草业技术/4278.html]
[C:/My Websites/职业百科/www.careerplanwiki.com/wiki/花卉生产与花艺/6449.html]
[C:/My Websites/职业百科/www.careerplanwiki.com/wiki/经济林培育与利用/4256.html]
[C:/My Websites/职业百科/www.careerplanwiki.com/wiki/森林和草原资源保护/4255.html]
[C:/My Websites/职业百科/www.careerplanwiki.com/wiki/林草生态保护与修复/6450.html]
[C:/My Websites/职业百科/www.careerplanwiki.com/wiki/野生动植物资源保护与利用/4257.html]
[C:/My Websites/职业百科/www.careerplanwiki.com/wiki/自然保护地建设与管理/4261.html]
[C:/My Websites/职业百科/www.careerplanwiki.com/wiki/森林生态旅游与康养/4259.html]
[C:/My Websites/职业百科/www.careerplanwiki.com/wiki/林业信息技术应用/4264.html]
[C:/My Websites/职业百科/www.careerplanwiki.com/wiki/木业智能装备应用技术/4262.html]
[C:/My Websites/职业百科/www.careerplanwiki.com/wiki/木业产品设计与制造/4263.html]
[C:/My Websites/职业百科/www.careerplanwiki.com/wiki/动物药学/4269.html]
[C:/My Websites/职业百科/www.careerplanwiki.com/wiki/畜牧兽医/4267.html]
[C:/My Websites/职业百科/www.careerplanwiki.com/wiki/中兽医/6451.html]
[C:/My Websites/职业百科/www.careerplanwiki.com/wiki/宠物医疗技术/6452.html]
[C:/My Websites/职业百科/www.careerplanwiki.com/wiki/动物防疫与检疫/4270.html]
[C:/My Websites/职业百科/www.careerplanwiki.com/wiki/畜禽智能化养殖/4276.html]
[C:/My Websites/职业百科/www.careerplanwiki.com/wiki/特种动物养殖技术/4273.html]
[C:/My Websites/职业百科/www.careerplanwiki.com/wiki/宠物养护与驯导/4272.html]
[C:/My Websites/职业百科/www.careerplanwiki.com/wiki/动物营养与饲料/4274.html]
[C:/My Websites/职业百科/www.careerplanwiki.com/wiki/蚕桑技术/4277.html]
[C:/My Websites/职业百科/www.careerplanwiki.com/wiki/动物医学/4268.html]
[C:/My Websites/职业百科/www.careerplanwiki.com/wiki/水产养殖技术/4282.html]
[C:/My Websites/职业百科/www.careerplanwiki.com/wiki/海洋渔业技术/4283.html]
[C:/My Websites/职业百科/www.careerplanwiki.com/wiki/水族科学与技术/4284.html]
[C:/My Websites/职业百科/www.careerplanwiki.com/wiki/水生动物医学/4285.html]
[C:/My Websites/职业百科/www.careerplanwiki.com/wiki/国土资源调查与管理/4289.html]
[C:/My Websites/职业百科/www.careerplanwiki.com/wiki/地质调查与矿产普查/4290.html]
[C:/My Websites/职业百科/www.careerplanwiki.com/wiki/生态地质调查/6453.html]
[C:/My Websites/职业百科/www.careerplanwiki.com/wiki/矿产地质勘查/4291.html]
[C:/My Websites/职业百科/www.careerplanwiki.com/wiki/煤田地质勘查/4294.html]
[C:/My Websites/职业百科/www.careerplanwiki.com/wiki/岩矿分析与鉴定/4292.html]
[C:/My Websites/职业百科/www.careerplanwiki.com/wiki/宝玉石鉴定与加工/4293.html]
[C:/My Websites/职业百科/www.careerplanwiki.com/wiki/工程地质勘查/4296.html]
[C:/My Websites/职业百科/www.careerplanwiki.com/wiki/水文与工程地质/4297.html]
[C:/My Websites/职业百科/www.careerplanwiki.com/wiki/矿山地质/4299.html]
[C:/My Websites/职业百科/www.careerplanwiki.com/wiki/钻探工程技术/4298.html]
[C:/My Websites/职业百科/www.careerplanwiki.com/wiki/岩土工程技术/4303.html]
[C:/My Websites/职业百科/www.careerplanwiki.com/wiki/地球物理勘探技术/4300.html]
[C:/My Websites/职业百科/www.careerplanwiki.com/wiki/地质灾害调查与防治/4301.html]
[C:/My Websites/职业百科/www.careerplanwiki.com/wiki/环境地质工程/4302.html]
[C:/My Websites/职业百科/www.careerplanwiki.com/wiki/城市地质勘查/6454.html]
[C:/My Websites/职业百科/www.careerplanwiki.com/wiki/工程测量技术/4305.html]
[C:/My Websites/职业百科/www.careerplanwiki.com/wiki/测绘地理信息技术/4308.html]
[C:/My Websites/职业百科/www.careerplanwiki.com/wiki/摄影测量与遥感技术/4306.html]
[C:/My Websites/职业百科/www.careerplanwiki.com/wiki/地籍测绘与土地管理/4309.html]
[C:/My Websites/职业百科/www.careerplanwiki.com/wiki/国土空间规划与测绘/4315.html]
[C:/My Websites/职业百科/www.careerplanwiki.com/wiki/无人机测绘技术/6455.html]
[C:/My Websites/职业百科/www.careerplanwiki.com/wiki/矿山测量/4310.html]
[C:/My Websites/职业百科/www.careerplanwiki.com/wiki/导航与位置服务/4312.html]
[C:/My Websites/职业百科/www.careerplanwiki.com/wiki/空间数字建模与应用技术/4313.html]
[C:/My Websites/职业百科/www.careerplanwiki.com/wiki/测绘工程技术/4307.html]
[C:/My Websites/职业百科/www.careerplanwiki.com/wiki/油气储运技术/4319.html]
[C:/My Websites/职业百科/www.careerplanwiki.com/wiki/油气地质勘探技术/4320.html]
[C:/My Websites/职业百科/www.careerplanwiki.com/wiki/钻井技术/4317.html]
[C:/My Websites/职业百科/www.careerplanwiki.com/wiki/油气智能开采技术/4318.html]
[C:/My Websites/职业百科/www.careerplanwiki.com/wiki/油田化学应用技术/4321.html]
[C:/My Websites/职业百科/www.careerplanwiki.com/wiki/石油工程技术/4322.html]
[C:/My Websites/职业百科/www.careerplanwiki.com/wiki/煤矿智能开采技术/4324.html]
[C:/My Websites/职业百科/www.careerplanwiki.com/wiki/矿井建设工程技术/4325.html]
[C:/My Websites/职业百科/www.careerplanwiki.com/wiki/通风技术与安全管理/4327.html]
[C:/My Websites/职业百科/www.careerplanwiki.com/wiki/矿山机电与智能装备/4326.html]
[C:/My Websites/职业百科/www.careerplanwiki.com/wiki/煤炭清洁利用技术/4330.html]
[C:/My Websites/职业百科/www.careerplanwiki.com/wiki/煤层气采输技术/4332.html]
[C:/My Websites/职业百科/www.careerplanwiki.com/wiki/矿山智能开采技术/4335.html]
[C:/My Websites/职业百科/www.careerplanwiki.com/wiki/矿物加工技术/4336.html]
[C:/My Websites/职业百科/www.careerplanwiki.com/wiki/大气科学技术/4339.html]
[C:/My Websites/职业百科/www.careerplanwiki.com/wiki/大气探测技术/4340.html]
[C:/My Websites/职业百科/www.careerplanwiki.com/wiki/应用气象技术/4341.html]
[C:/My Websites/职业百科/www.careerplanwiki.com/wiki/雷电防护技术/4342.html]
[C:/My Websites/职业百科/www.careerplanwiki.com/wiki/环境监测技术/4344.html]
[C:/My Websites/职业百科/www.careerplanwiki.com/wiki/环境工程技术/4347.html]
[C:/My Websites/职业百科/www.careerplanwiki.com/wiki/生态保护技术/4345.html]
[C:/My Websites/职业百科/www.careerplanwiki.com/wiki/生态环境大数据技术/4348.html]
[C:/My Websites/职业百科/www.careerplanwiki.com/wiki/环境管理与评价/4350.html]
[C:/My Websites/职业百科/www.careerplanwiki.com/wiki/生态环境修复技术/4352.html]
[C:/My Websites/职业百科/www.careerplanwiki.com/wiki/绿色低碳技术/4353.html]
[C:/My Websites/职业百科/www.careerplanwiki.com/wiki/资源综合利用技术/4354.html]
[C:/My Websites/职业百科/www.careerplanwiki.com/wiki/水净化与安全技术/6456.html]
[C:/My Websites/职业百科/www.careerplanwiki.com/wiki/核与辐射检测防护技术/4349.html]
[C:/My Websites/职业百科/www.careerplanwiki.com/wiki/智能环保装备技术/6457.html]
[C:/My Websites/职业百科/www.careerplanwiki.com/wiki/安全技术与管理/4359.html]
[C:/My Websites/职业百科/www.careerplanwiki.com/wiki/化工安全技术/4357.html]
[C:/My Websites/职业百科/www.careerplanwiki.com/wiki/工程安全评价与监理/4360.html]
[C:/My Websites/职业百科/www.careerplanwiki.com/wiki/安全智能监测技术/4361.html]
[C:/My Websites/职业百科/www.careerplanwiki.com/wiki/应急救援技术/4358.html]
[C:/My Websites/职业百科/www.careerplanwiki.com/wiki/消防救援技术/6458.html]
[C:/My Websites/职业百科/www.careerplanwiki.com/wiki/森林草原防火技术/4260.html]
[C:/My Websites/职业百科/www.careerplanwiki.com/wiki/职业健康安全技术/4356.html]
[C:/My Websites/职业百科/www.careerplanwiki.com/wiki/发电厂及电力系统/4365.html]
[C:/My Websites/职业百科/www.careerplanwiki.com/wiki/水电站机电设备与自动化/4370.html]
[C:/My Websites/职业百科/www.careerplanwiki.com/wiki/水电站与电力网技术/4373.html]
[C:/My Websites/职业百科/www.careerplanwiki.com/wiki/分布式发电与智能微电网技术/4376.html]
[C:/My Websites/职业百科/www.careerplanwiki.com/wiki/电力系统自动化技术/4367.html]
[C:/My Websites/职业百科/www.careerplanwiki.com/wiki/电力系统继电保护技术/4369.html]
[C:/My Websites/职业百科/www.careerplanwiki.com/wiki/输配电工程技术/4368.html]
[C:/My Websites/职业百科/www.careerplanwiki.com/wiki/供用电技术/4366.html]
[C:/My Websites/职业百科/www.careerplanwiki.com/wiki/农业电气化技术/4375.html]
[C:/My Websites/职业百科/www.careerplanwiki.com/wiki/机场电工技术/5098.html]
[C:/My Websites/职业百科/www.careerplanwiki.com/wiki/电力客户服务与管理/4372.html]
[C:/My Websites/职业百科/www.careerplanwiki.com/wiki/热能动力工程技术/4378.html]
[C:/My Websites/职业百科/www.careerplanwiki.com/wiki/城市热能应用技术/4379.html]
[C:/My Websites/职业百科/www.careerplanwiki.com/wiki/地热开发技术/6459.html]
[C:/My Websites/职业百科/www.careerplanwiki.com/wiki/太阳能光热技术与应用/4391.html]
[C:/My Websites/职业百科/www.careerplanwiki.com/wiki/发电运行技术/4381.html]
[C:/My Websites/职业百科/www.careerplanwiki.com/wiki/热工自动化技术/4383.html]
[C:/My Websites/职业百科/www.careerplanwiki.com/wiki/核电站动力设备运行与维护/4380.html]
[C:/My Websites/职业百科/www.careerplanwiki.com/wiki/电厂化学与环保技术/4382.html]
[C:/My Websites/职业百科/www.careerplanwiki.com/wiki/氢能技术应用/6460.html]
[C:/My Websites/职业百科/www.careerplanwiki.com/wiki/工业节能技术/4389.html]
[C:/My Websites/职业百科/www.careerplanwiki.com/wiki/节电技术与管理/4390.html]
[C:/My Websites/职业百科/www.careerplanwiki.com/wiki/新能源材料应用技术/6461.html]
[C:/My Websites/职业百科/www.careerplanwiki.com/wiki/风力发电工程技术/4385.html]
[C:/My Websites/职业百科/www.careerplanwiki.com/wiki/生物质能应用技术/4387.html]
[C:/My Websites/职业百科/www.careerplanwiki.com/wiki/钢铁智能冶金技术/4394.html]
[C:/My Websites/职业百科/www.careerplanwiki.com/wiki/智能轧钢技术/4395.html]
[C:/My Websites/职业百科/www.careerplanwiki.com/wiki/钢铁冶金设备维护/4396.html]
[C:/My Websites/职业百科/www.careerplanwiki.com/wiki/金属材料检测技术/4397.html]
[C:/My Websites/职业百科/www.careerplanwiki.com/wiki/有色金属智能冶金技术/4400.html]
[C:/My Websites/职业百科/www.careerplanwiki.com/wiki/金属智能加工技术/4402.html]
[C:/My Websites/职业百科/www.careerplanwiki.com/wiki/金属精密成型技术/4403.html]
[C:/My Websites/职业百科/www.careerplanwiki.com/wiki/储能材料技术/6462.html]
[C:/My Websites/职业百科/www.careerplanwiki.com/wiki/稀土材料技术/6463.html]
[C:/My Websites/职业百科/www.careerplanwiki.com/wiki/材料工程技术/4405.html]
[C:/My Websites/职业百科/www.careerplanwiki.com/wiki/高分子材料智能制造技术/4406.html]
[C:/My Websites/职业百科/www.careerplanwiki.com/wiki/复合材料智能制造技术/4407.html]
[C:/My Websites/职业百科/www.careerplanwiki.com/wiki/航空复合材料成型与加工技术/6464.html]
[C:/My Websites/职业百科/www.careerplanwiki.com/wiki/非金属矿物材料技术/4408.html]
[C:/My Websites/职业百科/www.careerplanwiki.com/wiki/光伏材料制备技术/4409.html]
[C:/My Websites/职业百科/www.careerplanwiki.com/wiki/硅材料制备技术/4411.html]
[C:/My Websites/职业百科/www.careerplanwiki.com/wiki/炭材料工程技术/4410.html]
[C:/My Websites/职业百科/www.careerplanwiki.com/wiki/橡胶智能制造技术/4412.html]
[C:/My Websites/职业百科/www.careerplanwiki.com/wiki/新型建筑材料技术/4418.html]
[C:/My Websites/职业百科/www.careerplanwiki.com/wiki/建筑装饰材料技术/4416.html]
[C:/My Websites/职业百科/www.careerplanwiki.com/wiki/建筑材料检测技术/4415.html]
[C:/My Websites/职业百科/www.careerplanwiki.com/wiki/装配式建筑构件智能制造技术/6465.html]
[C:/My Websites/职业百科/www.careerplanwiki.com/wiki/建筑材料工程技术/4414.html]
[C:/My Websites/职业百科/www.careerplanwiki.com/wiki/建筑设计/4422.html]
[C:/My Websites/职业百科/www.careerplanwiki.com/wiki/建筑装饰工程技术/4423.html]
[C:/My Websites/职业百科/www.careerplanwiki.com/wiki/古建筑工程技术/4424.html]
[C:/My Websites/职业百科/www.careerplanwiki.com/wiki/园林工程技术/4427.html]
[C:/My Websites/职业百科/www.careerplanwiki.com/wiki/风景园林设计/4426.html]
[C:/My Websites/职业百科/www.careerplanwiki.com/wiki/建筑室内设计/4425.html]
[C:/My Websites/职业百科/www.careerplanwiki.com/wiki/建筑动画技术/4428.html]
[C:/My Websites/职业百科/www.careerplanwiki.com/wiki/城乡规划/4430.html]
[C:/My Websites/职业百科/www.careerplanwiki.com/wiki/智慧城市管理技术/4432.html]
[C:/My Websites/职业百科/www.careerplanwiki.com/wiki/村镇建设与管理/4431.html]
[C:/My Websites/职业百科/www.careerplanwiki.com/wiki/建筑工程技术/4434.html]
[C:/My Websites/职业百科/www.careerplanwiki.com/wiki/装配式建筑工程技术/6466.html]
[C:/My Websites/职业百科/www.careerplanwiki.com/wiki/建筑钢结构工程技术/4437.html]
[C:/My Websites/职业百科/www.careerplanwiki.com/wiki/智能建造技术/6467.html]
[C:/My Websites/职业百科/www.careerplanwiki.com/wiki/地下与隧道工程技术/4435.html]
[C:/My Websites/职业百科/www.careerplanwiki.com/wiki/土木工程检测技术/4436.html]
[C:/My Websites/职业百科/www.careerplanwiki.com/wiki/建筑设备工程技术/4439.html]
[C:/My Websites/职业百科/www.careerplanwiki.com/wiki/建筑电气工程技术/4441.html]
[C:/My Websites/职业百科/www.careerplanwiki.com/wiki/供热通风与空调工程技术/4440.html]
[C:/My Websites/职业百科/www.careerplanwiki.com/wiki/建筑智能化工程技术/4442.html]
[C:/My Websites/职业百科/www.careerplanwiki.com/wiki/工业设备安装工程技术/4443.html]
[C:/My Websites/职业百科/www.careerplanwiki.com/wiki/建筑消防技术/4444.html]
[C:/My Websites/职业百科/www.careerplanwiki.com/wiki/工程造价/4447.html]
[C:/My Websites/职业百科/www.careerplanwiki.com/wiki/建筑经济信息化管理/4448.html]
[C:/My Websites/职业百科/www.careerplanwiki.com/wiki/建设工程监理/4450.html]
[C:/My Websites/职业百科/www.careerplanwiki.com/wiki/建设工程管理/4446.html]
[C:/My Websites/职业百科/www.careerplanwiki.com/wiki/市政工程技术/4452.html]
[C:/My Websites/职业百科/www.careerplanwiki.com/wiki/给排水工程技术/4454.html]
[C:/My Websites/职业百科/www.careerplanwiki.com/wiki/城市燃气工程技术/4453.html]
[C:/My Websites/职业百科/www.careerplanwiki.com/wiki/市政管网智能检测与维护/6468.html]
[C:/My Websites/职业百科/www.careerplanwiki.com/wiki/城市环境工程技术/4455.html]
[C:/My Websites/职业百科/www.careerplanwiki.com/wiki/房地产经营与管理/4457.html]
[C:/My Websites/职业百科/www.careerplanwiki.com/wiki/房地产智能检测与估价/4458.html]
[C:/My Websites/职业百科/www.careerplanwiki.com/wiki/现代物业管理/4459.html]
[C:/My Websites/职业百科/www.careerplanwiki.com/wiki/水文与水资源技术/4462.html]
[C:/My Websites/职业百科/www.careerplanwiki.com/wiki/水政水资源管理/4464.html]
[C:/My Websites/职业百科/www.careerplanwiki.com/wiki/水利工程/4466.html]
[C:/My Websites/职业百科/www.careerplanwiki.com/wiki/智慧水利技术/6469.html]
[C:/My Websites/职业百科/www.careerplanwiki.com/wiki/水利水电工程技术/4467.html]
[C:/My Websites/职业百科/www.careerplanwiki.com/wiki/水利水电工程智能管理/4468.html]
[C:/My Websites/职业百科/www.careerplanwiki.com/wiki/水利水电建筑工程/4469.html]
[C:/My Websites/职业百科/www.careerplanwiki.com/wiki/机电排灌工程技术/4470.html]
[C:/My Websites/职业百科/www.careerplanwiki.com/wiki/治河与航道工程技术/4471.html]
[C:/My Websites/职业百科/www.careerplanwiki.com/wiki/智能水务管理/4472.html]
[C:/My Websites/职业百科/www.careerplanwiki.com/wiki/水电站设备安装与管理/4474.html]
[C:/My Websites/职业百科/www.careerplanwiki.com/wiki/水电站运行与智能管理/4476.html]
[C:/My Websites/职业百科/www.careerplanwiki.com/wiki/水利机电设备智能管理/4477.html]
[C:/My Websites/职业百科/www.careerplanwiki.com/wiki/水土保持技术/4479.html]
[C:/My Websites/职业百科/www.careerplanwiki.com/wiki/水环境智能监测与治理/4480.html]
[C:/My Websites/职业百科/www.careerplanwiki.com/wiki/水生态修复技术/6470.html]
[C:/My Websites/职业百科/www.careerplanwiki.com/wiki/机械设计与制造/4483.html]
[C:/My Websites/职业百科/www.careerplanwiki.com/wiki/数字化设计与制造技术/6471.html]
[C:/My Websites/职业百科/www.careerplanwiki.com/wiki/数控技术/4485.html]
[C:/My Websites/职业百科/www.careerplanwiki.com/wiki/机械制造及自动化/4484.html]
[C:/My Websites/职业百科/www.careerplanwiki.com/wiki/工业设计/4500.html]
[C:/My Websites/职业百科/www.careerplanwiki.com/wiki/工业工程技术/4501.html]
[C:/My Websites/职业百科/www.careerplanwiki.com/wiki/材料成型及控制技术/4488.html]
[C:/My Websites/职业百科/www.careerplanwiki.com/wiki/现代铸造技术/4490.html]
[C:/My Websites/职业百科/www.careerplanwiki.com/wiki/现代锻压技术/4491.html]
[C:/My Websites/职业百科/www.careerplanwiki.com/wiki/智能焊接技术/4492.html]
[C:/My Websites/职业百科/www.careerplanwiki.com/wiki/工业材料表面处理技术/6472.html]
[C:/My Websites/职业百科/www.careerplanwiki.com/wiki/增材制造技术/6473.html]
[C:/My Websites/职业百科/www.careerplanwiki.com/wiki/模具设计与制造/4495.html]
[C:/My Websites/职业百科/www.careerplanwiki.com/wiki/特种加工技术/4487.html]
[C:/My Websites/职业百科/www.careerplanwiki.com/wiki/智能光电制造技术/4508.html]
[C:/My Websites/职业百科/www.careerplanwiki.com/wiki/电线电缆制造技术/4497.html]
[C:/My Websites/职业百科/www.careerplanwiki.com/wiki/内燃机制造与应用技术/4498.html]
[C:/My Websites/职业百科/www.careerplanwiki.com/wiki/机械装备制造技术/4499.html]
[C:/My Websites/职业百科/www.careerplanwiki.com/wiki/工业产品质量检测技术/4493.html]
[C:/My Websites/职业百科/www.careerplanwiki.com/wiki/理化测试与质检技术/4494.html]
[C:/My Websites/职业百科/www.careerplanwiki.com/wiki/智能制造装备技术/4503.html]
[C:/My Websites/职业百科/www.careerplanwiki.com/wiki/机电设备技术/4504.html]
[C:/My Websites/职业百科/www.careerplanwiki.com/wiki/电机与电器技术/4496.html]
[C:/My Websites/职业百科/www.careerplanwiki.com/wiki/新能源装备技术/4509.html]
[C:/My Websites/职业百科/www.careerplanwiki.com/wiki/制冷与空调技术/4507.html]
[C:/My Websites/职业百科/www.careerplanwiki.com/wiki/电梯工程技术/4518.html]
[C:/My Websites/职业百科/www.careerplanwiki.com/wiki/机电一体化技术/4511.html]
[C:/My Websites/职业百科/www.careerplanwiki.com/wiki/智能机电技术/6474.html]
[C:/My Websites/职业百科/www.careerplanwiki.com/wiki/智能控制技术/4514.html]
[C:/My Websites/职业百科/www.careerplanwiki.com/wiki/智能机器人技术/6475.html]
[C:/My Websites/职业百科/www.careerplanwiki.com/wiki/工业机器人技术/4519.html]
[C:/My Websites/职业百科/www.careerplanwiki.com/wiki/电气自动化技术/4512.html]
[C:/My Websites/职业百科/www.careerplanwiki.com/wiki/工业过程自动化技术/4513.html]
[C:/My Websites/职业百科/www.careerplanwiki.com/wiki/工业自动化仪表技术/4516.html]
[C:/My Websites/职业百科/www.careerplanwiki.com/wiki/液压与气动技术/4517.html]
[C:/My Websites/职业百科/www.careerplanwiki.com/wiki/工业互联网应用/6476.html]
[C:/My Websites/职业百科/www.careerplanwiki.com/wiki/计量测试与应用技术/6477.html]
[C:/My Websites/职业百科/www.careerplanwiki.com/wiki/铁道机车车辆制造与维护/4521.html]
[C:/My Websites/职业百科/www.careerplanwiki.com/wiki/高速铁路动车组制造与维护/6478.html]
[C:/My Websites/职业百科/www.careerplanwiki.com/wiki/城市轨道交通车辆制造与维护/6479.html]
[C:/My Websites/职业百科/www.careerplanwiki.com/wiki/轨道交通通信信号设备制造与维护/4522.html]
[C:/My Websites/职业百科/www.careerplanwiki.com/wiki/轨道交通工程机械制造与维护/4523.html]
[C:/My Websites/职业百科/www.careerplanwiki.com/wiki/船舶工程技术/4525.html]
[C:/My Websites/职业百科/www.careerplanwiki.com/wiki/船舶动力工程技术/4526.html]
[C:/My Websites/职业百科/www.careerplanwiki.com/wiki/船舶电气工程技术/4527.html]
[C:/My Websites/职业百科/www.careerplanwiki.com/wiki/船舶智能焊接技术/6480.html]
[C:/My Websites/职业百科/www.careerplanwiki.com/wiki/船舶舾装工程技术/4528.html]
[C:/My Websites/职业百科/www.careerplanwiki.com/wiki/船舶涂装工程技术/4529.html]
[C:/My Websites/职业百科/www.careerplanwiki.com/wiki/船舶通信装备技术/4532.html]
[C:/My Websites/职业百科/www.careerplanwiki.com/wiki/游艇设计与制造/4530.html]
[C:/My Websites/职业百科/www.careerplanwiki.com/wiki/邮轮内装技术/6481.html]
[C:/My Websites/职业百科/www.careerplanwiki.com/wiki/海洋工程装备技术/4531.html]
[C:/My Websites/职业百科/www.careerplanwiki.com/wiki/飞行器数字化制造技术/4535.html]
[C:/My Websites/职业百科/www.careerplanwiki.com/wiki/飞行器数字化装配技术/6482.html]
[C:/My Websites/职业百科/www.careerplanwiki.com/wiki/航空发动机制造技术/4537.html]
[C:/My Websites/职业百科/www.careerplanwiki.com/wiki/航空发动机装配调试技术/4538.html]
[C:/My Websites/职业百科/www.careerplanwiki.com/wiki/飞机机载设备装配调试技术/4540.html]
[C:/My Websites/职业百科/www.careerplanwiki.com/wiki/航空装备表面处理技术/6483.html]
[C:/My Websites/职业百科/www.careerplanwiki.com/wiki/飞行器维修技术/4536.html]
[C:/My Websites/职业百科/www.careerplanwiki.com/wiki/航空发动机维修技术/4539.html]
[C:/My Websites/职业百科/www.careerplanwiki.com/wiki/无人机应用技术/4544.html]
[C:/My Websites/职业百科/www.careerplanwiki.com/wiki/航空材料精密成型技术/4543.html]
[C:/My Websites/职业百科/www.careerplanwiki.com/wiki/导弹维修技术/4545.html]
[C:/My Websites/职业百科/www.careerplanwiki.com/wiki/汽车制造与试验技术/4547.html]
[C:/My Websites/职业百科/www.careerplanwiki.com/wiki/新能源汽车技术/4553.html]
[C:/My Websites/职业百科/www.careerplanwiki.com/wiki/汽车电子技术/4549.html]
[C:/My Websites/职业百科/www.careerplanwiki.com/wiki/智能网联汽车技术/6484.html]
[C:/My Websites/职业百科/www.careerplanwiki.com/wiki/汽车造型与改装技术/4550.html]
[C:/My Websites/职业百科/www.careerplanwiki.com/wiki/食品生物技术/4556.html]
[C:/My Websites/职业百科/www.careerplanwiki.com/wiki/药品生物技术/4558.html]
[C:/My Websites/职业百科/www.careerplanwiki.com/wiki/农业生物技术/4559.html]
[C:/My Websites/职业百科/www.careerplanwiki.com/wiki/化工生物技术/4557.html]
[C:/My Websites/职业百科/www.careerplanwiki.com/wiki/生物产品检验检疫/4560.html]
[C:/My Websites/职业百科/www.careerplanwiki.com/wiki/绿色生物制造技术/6485.html]
[C:/My Websites/职业百科/www.careerplanwiki.com/wiki/生物信息技术/6486.html]
[C:/My Websites/职业百科/www.careerplanwiki.com/wiki/应用化工技术/4562.html]
[C:/My Websites/职业百科/www.careerplanwiki.com/wiki/石油炼制技术/4563.html]
[C:/My Websites/职业百科/www.careerplanwiki.com/wiki/精细化工技术/4566.html]
[C:/My Websites/职业百科/www.careerplanwiki.com/wiki/石油化工技术/4564.html]
[C:/My Websites/职业百科/www.careerplanwiki.com/wiki/煤化工技术/4573.html]
[C:/My Websites/职业百科/www.careerplanwiki.com/wiki/高分子合成技术/4565.html]
[C:/My Websites/职业百科/www.careerplanwiki.com/wiki/海洋化工技术/4567.html]
[C:/My Websites/职业百科/www.careerplanwiki.com/wiki/分析检验技术/4568.html]
[C:/My Websites/职业百科/www.careerplanwiki.com/wiki/化工智能制造技术/6487.html]
[C:/My Websites/职业百科/www.careerplanwiki.com/wiki/化工装备技术/4569.html]
[C:/My Websites/职业百科/www.careerplanwiki.com/wiki/化工自动化技术/4570.html]
[C:/My Websites/职业百科/www.careerplanwiki.com/wiki/涂装防护技术/4571.html]
[C:/My Websites/职业百科/www.careerplanwiki.com/wiki/烟花爆竹技术与管理/4572.html]
[C:/My Websites/职业百科/www.careerplanwiki.com/wiki/化妆品技术/4581.html]
[C:/My Websites/职业百科/www.careerplanwiki.com/wiki/现代造纸技术/4577.html]
[C:/My Websites/职业百科/www.careerplanwiki.com/wiki/家具设计与制造/4580.html]
[C:/My Websites/职业百科/www.careerplanwiki.com/wiki/鞋类设计与工艺/4584.html]
[C:/My Websites/职业百科/www.careerplanwiki.com/wiki/陶瓷制造技术与工艺/4586.html]
[C:/My Websites/职业百科/www.careerplanwiki.com/wiki/珠宝首饰技术与管理/5099.html]
[C:/My Websites/职业百科/www.careerplanwiki.com/wiki/皮革加工技术/4582.html]
[C:/My Websites/职业百科/www.careerplanwiki.com/wiki/皮具制作与工艺/4583.html]
[C:/My Websites/职业百科/www.careerplanwiki.com/wiki/乐器制造与维护/4585.html]
[C:/My Websites/职业百科/www.careerplanwiki.com/wiki/香料香精技术与工艺/4578.html]
[C:/My Websites/职业百科/www.careerplanwiki.com/wiki/表面精饰工艺/4579.html]
[C:/My Websites/职业百科/www.careerplanwiki.com/wiki/包装工程技术/4588.html]
[C:/My Websites/职业百科/www.careerplanwiki.com/wiki/包装策划与设计/4589.html]
[C:/My Websites/职业百科/www.careerplanwiki.com/wiki/数字印刷技术/4597.html]
[C:/My Websites/职业百科/www.careerplanwiki.com/wiki/印刷媒体技术/4596.html]
[C:/My Websites/职业百科/www.careerplanwiki.com/wiki/印刷数字图文技术/4593.html]
[C:/My Websites/职业百科/www.careerplanwiki.com/wiki/印刷设备应用技术/4594.html]
[C:/My Websites/职业百科/www.careerplanwiki.com/wiki/现代纺织技术/4599.html]
[C:/My Websites/职业百科/www.careerplanwiki.com/wiki/服装设计与工艺/4608.html]
[C:/My Websites/职业百科/www.careerplanwiki.com/wiki/丝绸技术/4600.html]
[C:/My Websites/职业百科/www.careerplanwiki.com/wiki/针织技术与针织服装/4607.html]
[C:/My Websites/职业百科/www.careerplanwiki.com/wiki/数字化染整技术/4601.html]
[C:/My Websites/职业百科/www.careerplanwiki.com/wiki/纺织品设计/4604.html]
[C:/My Websites/职业百科/www.careerplanwiki.com/wiki/现代家用纺织品设计/4605.html]
[C:/My Websites/职业百科/www.careerplanwiki.com/wiki/纺织材料与应用/4606.html]
[C:/My Websites/职业百科/www.careerplanwiki.com/wiki/现代非织造技术/6488.html]
[C:/My Websites/职业百科/www.careerplanwiki.com/wiki/纺织机电技术/4602.html]
[C:/My Websites/职业百科/www.careerplanwiki.com/wiki/纺织品检验与贸易/4603.html]
[C:/My Websites/职业百科/www.careerplanwiki.com/wiki/皮革服装制作与工艺/4609.html]
[C:/My Websites/职业百科/www.careerplanwiki.com/wiki/食品智能加工技术/4613.html]
[C:/My Websites/职业百科/www.careerplanwiki.com/wiki/食品质量与安全/4615.html]
[C:/My Websites/职业百科/www.careerplanwiki.com/wiki/食品营养与健康/4618.html]
[C:/My Websites/职业百科/www.careerplanwiki.com/wiki/食品检验检测技术/4617.html]
[C:/My Websites/职业百科/www.careerplanwiki.com/wiki/酿酒技术/4614.html]
[C:/My Websites/职业百科/www.careerplanwiki.com/wiki/食品贮运与营销/4616.html]
[C:/My Websites/职业百科/www.careerplanwiki.com/wiki/药品生产技术/4622.html]
[C:/My Websites/职业百科/www.careerplanwiki.com/wiki/生物制药技术/6489.html]
[C:/My Websites/职业百科/www.careerplanwiki.com/wiki/药物制剂技术/6490.html]
[C:/My Websites/职业百科/www.careerplanwiki.com/wiki/化学制药技术/6491.html]
[C:/My Websites/职业百科/www.careerplanwiki.com/wiki/兽药制药技术/4623.html]
[C:/My Websites/职业百科/www.careerplanwiki.com/wiki/药品质量与安全/4624.html]
[C:/My Websites/职业百科/www.careerplanwiki.com/wiki/制药设备应用技术/4625.html]
[C:/My Websites/职业百科/www.careerplanwiki.com/wiki/智能医疗装备技术/4801.html]
[C:/My Websites/职业百科/www.careerplanwiki.com/wiki/医用电子仪器技术/4802.html]
[C:/My Websites/职业百科/www.careerplanwiki.com/wiki/医用材料与应用/6492.html]
[C:/My Websites/职业百科/www.careerplanwiki.com/wiki/医疗器械维护与管理/4803.html]
[C:/My Websites/职业百科/www.careerplanwiki.com/wiki/医疗器械经营与服务/5102.html]
[C:/My Websites/职业百科/www.careerplanwiki.com/wiki/康复工程技术/4804.html]
[C:/My Websites/职业百科/www.careerplanwiki.com/wiki/化妆品质量与安全/6493.html]
[C:/My Websites/职业百科/www.careerplanwiki.com/wiki/食品药品监督管理/5100.html]
[C:/My Websites/职业百科/www.careerplanwiki.com/wiki/保健食品质量与管理/4629.html]
[C:/My Websites/职业百科/www.careerplanwiki.com/wiki/化妆品经营与管理/4630.html]
[C:/My Websites/职业百科/www.careerplanwiki.com/wiki/药品经营与管理/4627.html]
[C:/My Websites/职业百科/www.careerplanwiki.com/wiki/粮食工程技术与管理/4632.html]
[C:/My Websites/职业百科/www.careerplanwiki.com/wiki/粮食储运与质量安全/4634.html]
[C:/My Websites/职业百科/www.careerplanwiki.com/wiki/铁道工程技术/4640.html]
[C:/My Websites/职业百科/www.careerplanwiki.com/wiki/高速铁路施工与维护/4647.html]
[C:/My Websites/职业百科/www.careerplanwiki.com/wiki/铁道桥梁隧道工程技术/4646.html]
[C:/My Websites/职业百科/www.careerplanwiki.com/wiki/铁道养路机械应用技术/4641.html]
[C:/My Websites/职业百科/www.careerplanwiki.com/wiki/铁道机车运用与维护/4637.html]
[C:/My Websites/职业百科/www.careerplanwiki.com/wiki/铁道车辆技术/4638.html]
[C:/My Websites/职业百科/www.careerplanwiki.com/wiki/铁道供电技术/4639.html]
[C:/My Websites/职业百科/www.careerplanwiki.com/wiki/动车组检修技术/4649.html]
[C:/My Websites/职业百科/www.careerplanwiki.com/wiki/高速铁路综合维修技术/6494.html]
[C:/My Websites/职业百科/www.careerplanwiki.com/wiki/铁道信号自动控制/4642.html]
[C:/My Websites/职业百科/www.careerplanwiki.com/wiki/铁道通信与信息化技术/4643.html]
[C:/My Websites/职业百科/www.careerplanwiki.com/wiki/铁道交通运营管理/4644.html]
[C:/My Websites/职业百科/www.careerplanwiki.com/wiki/高速铁路客运服务/4648.html]
[C:/My Websites/职业百科/www.careerplanwiki.com/wiki/道路与桥梁工程技术/4652.html]
[C:/My Websites/职业百科/www.careerplanwiki.com/wiki/道路机械化施工技术/4655.html]
[C:/My Websites/职业百科/www.careerplanwiki.com/wiki/智能工程机械运用技术/4656.html]
[C:/My Websites/职业百科/www.careerplanwiki.com/wiki/道路工程检测技术/6495.html]
[C:/My Websites/职业百科/www.careerplanwiki.com/wiki/道路工程造价/6496.html]
[C:/My Websites/职业百科/www.careerplanwiki.com/wiki/道路养护与管理/4654.html]
[C:/My Websites/职业百科/www.careerplanwiki.com/wiki/智能交通技术/4651.html]
[C:/My Websites/职业百科/www.careerplanwiki.com/wiki/道路运输管理/4653.html]
[C:/My Websites/职业百科/www.careerplanwiki.com/wiki/汽车技术服务与营销/4850.html]
[C:/My Websites/职业百科/www.careerplanwiki.com/wiki/新能源汽车检测与维修技术/4662.html]
[C:/My Websites/职业百科/www.careerplanwiki.com/wiki/交通运营管理/4657.html]
[C:/My Websites/职业百科/www.careerplanwiki.com/wiki/航海技术/4664.html]
[C:/My Websites/职业百科/www.careerplanwiki.com/wiki/港口与航道工程技术/4670.html]
[C:/My Websites/职业百科/www.careerplanwiki.com/wiki/轮机工程技术/4673.html]
[C:/My Websites/职业百科/www.careerplanwiki.com/wiki/国际邮轮乘务管理/4665.html]
[C:/My Websites/职业百科/www.careerplanwiki.com/wiki/水路运输安全管理/4675.html]
[C:/My Websites/职业百科/www.careerplanwiki.com/wiki/港口机械与智能控制/4668.html]
[C:/My Websites/职业百科/www.careerplanwiki.com/wiki/港口与航运管理/4671.html]
[C:/My Websites/职业百科/www.careerplanwiki.com/wiki/船舶电子电气技术/4666.html]
[C:/My Websites/职业百科/www.careerplanwiki.com/wiki/船舶检验/4667.html]
[C:/My Websites/职业百科/www.careerplanwiki.com/wiki/集装箱运输管理/4676.html]
[C:/My Websites/职业百科/www.careerplanwiki.com/wiki/民航运输服务/4678.html]
[C:/My Websites/职业百科/www.careerplanwiki.com/wiki/民航通信技术/4679.html]
[C:/My Websites/职业百科/www.careerplanwiki.com/wiki/定翼机驾驶技术/4680.html]
[C:/My Websites/职业百科/www.careerplanwiki.com/wiki/直升机驾驶技术/4681.html]
[C:/My Websites/职业百科/www.careerplanwiki.com/wiki/空中乘务/4682.html]
[C:/My Websites/职业百科/www.careerplanwiki.com/wiki/民航安全技术管理/4683.html]
[C:/My Websites/职业百科/www.careerplanwiki.com/wiki/民航空中安全保卫/4684.html]
[C:/My Websites/职业百科/www.careerplanwiki.com/wiki/机场运行服务与管理/4685.html]
[C:/My Websites/职业百科/www.careerplanwiki.com/wiki/飞机机电设备维修/4686.html]
[C:/My Websites/职业百科/www.careerplanwiki.com/wiki/飞机电子设备维修/4687.html]
[C:/My Websites/职业百科/www.careerplanwiki.com/wiki/飞机部件修理/4688.html]
[C:/My Websites/职业百科/www.careerplanwiki.com/wiki/通用航空器维修/4693.html]
[C:/My Websites/职业百科/www.careerplanwiki.com/wiki/飞机结构修理/4695.html]
[C:/My Websites/职业百科/www.careerplanwiki.com/wiki/航空地面设备维修/4689.html]
[C:/My Websites/职业百科/www.careerplanwiki.com/wiki/机场场务技术与管理/4690.html]
[C:/My Websites/职业百科/www.careerplanwiki.com/wiki/通用航空航务技术/4694.html]
[C:/My Websites/职业百科/www.careerplanwiki.com/wiki/航空油料/4691.html]
[C:/My Websites/职业百科/www.careerplanwiki.com/wiki/管道工程技术/4697.html]
[C:/My Websites/职业百科/www.careerplanwiki.com/wiki/管道运输管理/4698.html]
[C:/My Websites/职业百科/www.careerplanwiki.com/wiki/城市轨道交通工程技术/4704.html]
[C:/My Websites/职业百科/www.careerplanwiki.com/wiki/城市轨道车辆应用技术/4700.html]
[C:/My Websites/职业百科/www.careerplanwiki.com/wiki/城市轨道交通机电技术/4701.html]
[C:/My Websites/职业百科/www.careerplanwiki.com/wiki/城市轨道交通通信信号技术/4702.html]
[C:/My Websites/职业百科/www.careerplanwiki.com/wiki/城市轨道交通供配电技术/4703.html]
[C:/My Websites/职业百科/www.careerplanwiki.com/wiki/城市轨道交通运营管理/4705.html]
[C:/My Websites/职业百科/www.careerplanwiki.com/wiki/邮政快递运营管理/4708.html]
[C:/My Websites/职业百科/www.careerplanwiki.com/wiki/邮政快递智能技术/6497.html]
[C:/My Websites/职业百科/www.careerplanwiki.com/wiki/邮政通信管理/4707.html]
[C:/My Websites/职业百科/www.careerplanwiki.com/wiki/电子信息工程技术/4711.html]
[C:/My Websites/职业百科/www.careerplanwiki.com/wiki/物联网应用技术/4729.html]
[C:/My Websites/职业百科/www.careerplanwiki.com/wiki/电子产品制造技术/4721.html]
[C:/My Websites/职业百科/www.careerplanwiki.com/wiki/电子产品检测技术/4718.html]
[C:/My Websites/职业百科/www.careerplanwiki.com/wiki/移动互联应用技术/4725.html]
[C:/My Websites/职业百科/www.careerplanwiki.com/wiki/汽车智能技术/4717.html]
[C:/My Websites/职业百科/www.careerplanwiki.com/wiki/智能产品开发与应用/4714.html]
[C:/My Websites/职业百科/www.careerplanwiki.com/wiki/智能光电技术应用/4726.html]
[C:/My Websites/职业百科/www.careerplanwiki.com/wiki/光电显示技术/4728.html]
[C:/My Websites/职业百科/www.careerplanwiki.com/wiki/应用电子技术/4712.html]
[C:/My Websites/职业百科/www.careerplanwiki.com/wiki/计算机应用技术/4731.html]
[C:/My Websites/职业百科/www.careerplanwiki.com/wiki/计算机网络技术/4732.html]
[C:/My Websites/职业百科/www.careerplanwiki.com/wiki/数字媒体技术/4739.html]
[C:/My Websites/职业百科/www.careerplanwiki.com/wiki/大数据技术/4733.html]
[C:/My Websites/职业百科/www.careerplanwiki.com/wiki/云计算技术应用/4743.html]
[C:/My Websites/职业百科/www.careerplanwiki.com/wiki/信息安全技术应用/4741.html]
[C:/My Websites/职业百科/www.careerplanwiki.com/wiki/虚拟现实技术应用/6498.html]
[C:/My Websites/职业百科/www.careerplanwiki.com/wiki/人工智能技术应用/6499.html]
[C:/My Websites/职业百科/www.careerplanwiki.com/wiki/嵌入式技术应用/4738.html]
[C:/My Websites/职业百科/www.careerplanwiki.com/wiki/工业互联网技术/4515.html]
[C:/My Websites/职业百科/www.careerplanwiki.com/wiki/区块链技术应用/6500.html]
[C:/My Websites/职业百科/www.careerplanwiki.com/wiki/移动应用开发/4742.html]
[C:/My Websites/职业百科/www.careerplanwiki.com/wiki/工业软件开发技术/6501.html]
[C:/My Websites/职业百科/www.careerplanwiki.com/wiki/动漫制作技术/4737.html]
[C:/My Websites/职业百科/www.careerplanwiki.com/wiki/密码技术应用/6502.html]
[C:/My Websites/职业百科/www.careerplanwiki.com/wiki/软件技术/4735.html]
[C:/My Websites/职业百科/www.careerplanwiki.com/wiki/现代通信技术/4746.html]
[C:/My Websites/职业百科/www.careerplanwiki.com/wiki/现代移动通信技术/4747.html]
[C:/My Websites/职业百科/www.careerplanwiki.com/wiki/通信软件技术/6503.html]
[C:/My Websites/职业百科/www.careerplanwiki.com/wiki/卫星通信与导航技术/6504.html]
[C:/My Websites/职业百科/www.careerplanwiki.com/wiki/通信工程设计与监理/4749.html]
[C:/My Websites/职业百科/www.careerplanwiki.com/wiki/通信系统运行管理/4748.html]
[C:/My Websites/职业百科/www.careerplanwiki.com/wiki/智能互联网络技术/4752.html]
[C:/My Websites/职业百科/www.careerplanwiki.com/wiki/网络规划与优化技术/6505.html]
[C:/My Websites/职业百科/www.careerplanwiki.com/wiki/电信服务与管理/4750.html]
[C:/My Websites/职业百科/www.careerplanwiki.com/wiki/集成电路技术/6537.html]
[C:/My Websites/职业百科/www.careerplanwiki.com/wiki/微电子技术/4713.html]
[C:/My Websites/职业百科/www.careerplanwiki.com/wiki/临床医学/4755.html]
[C:/My Websites/职业百科/www.careerplanwiki.com/wiki/口腔医学/4756.html]
[C:/My Websites/职业百科/www.careerplanwiki.com/wiki/朝医学/6506.html]
[C:/My Websites/职业百科/www.careerplanwiki.com/wiki/护理/4766.html]
[C:/My Websites/职业百科/www.careerplanwiki.com/wiki/助产/4767.html]
[C:/My Websites/职业百科/www.careerplanwiki.com/wiki/药学/4769.html]
[C:/My Websites/职业百科/www.careerplanwiki.com/wiki/中药制药/6507.html]
[C:/My Websites/职业百科/www.careerplanwiki.com/wiki/医学检验技术/4775.html]
[C:/My Websites/职业百科/www.careerplanwiki.com/wiki/医学影像技术/4777.html]
[C:/My Websites/职业百科/www.careerplanwiki.com/wiki/医学生物技术/4776.html]
[C:/My Websites/职业百科/www.careerplanwiki.com/wiki/口腔医学技术/4779.html]
[C:/My Websites/职业百科/www.careerplanwiki.com/wiki/放射治疗技术/4782.html]
[C:/My Websites/职业百科/www.careerplanwiki.com/wiki/呼吸治疗技术/4783.html]
[C:/My Websites/职业百科/www.careerplanwiki.com/wiki/医学美容技术/4778.html]
[C:/My Websites/职业百科/www.careerplanwiki.com/wiki/卫生检验与检疫技术/4780.html]
[C:/My Websites/职业百科/www.careerplanwiki.com/wiki/康复治疗技术/4785.html]
[C:/My Websites/职业百科/www.careerplanwiki.com/wiki/言语听觉康复技术/4786.html]
[C:/My Websites/职业百科/www.careerplanwiki.com/wiki/卫生信息管理/4792.html]
[C:/My Websites/职业百科/www.careerplanwiki.com/wiki/预防医学/4789.html]
[C:/My Websites/职业百科/www.careerplanwiki.com/wiki/公共卫生管理/4790.html]
[C:/My Websites/职业百科/www.careerplanwiki.com/wiki/健康大数据管理与服务/6508.html]
[C:/My Websites/职业百科/www.careerplanwiki.com/wiki/康复辅助器具技术/4805.html]
[C:/My Websites/职业百科/www.careerplanwiki.com/wiki/健康管理/4797.html]
[C:/My Websites/职业百科/www.careerplanwiki.com/wiki/婴幼儿托育服务与管理/5108.html]
[C:/My Websites/职业百科/www.careerplanwiki.com/wiki/老年保健与管理/4807.html]
[C:/My Websites/职业百科/www.careerplanwiki.com/wiki/心理咨询/4800.html]
[C:/My Websites/职业百科/www.careerplanwiki.com/wiki/医学营养/4798.html]
[C:/My Websites/职业百科/www.careerplanwiki.com/wiki/生殖健康管理/4795.html]
[C:/My Websites/职业百科/www.careerplanwiki.com/wiki/中医学/4757.html]
[C:/My Websites/职业百科/www.careerplanwiki.com/wiki/中医骨伤/4758.html]
[C:/My Websites/职业百科/www.careerplanwiki.com/wiki/针灸推拿/4759.html]
[C:/My Websites/职业百科/www.careerplanwiki.com/wiki/蒙医学/4760.html]
[C:/My Websites/职业百科/www.careerplanwiki.com/wiki/藏医学/4761.html]
[C:/My Websites/职业百科/www.careerplanwiki.com/wiki/维医学/4762.html]
[C:/My Websites/职业百科/www.careerplanwiki.com/wiki/傣医学/4763.html]
[C:/My Websites/职业百科/www.careerplanwiki.com/wiki/哈医学/4764.html]
[C:/My Websites/职业百科/www.careerplanwiki.com/wiki/中药学/4770.html]
[C:/My Websites/职业百科/www.careerplanwiki.com/wiki/蒙药学/4771.html]
[C:/My Websites/职业百科/www.careerplanwiki.com/wiki/维药学/4772.html]
[C:/My Websites/职业百科/www.careerplanwiki.com/wiki/藏药学/4773.html]
[C:/My Websites/职业百科/www.careerplanwiki.com/wiki/中药材生产与加工/4621.html]
[C:/My Websites/职业百科/www.careerplanwiki.com/wiki/中医康复技术/4787.html]
[C:/My Websites/职业百科/www.careerplanwiki.com/wiki/中医养生保健/4799.html]
[C:/My Websites/职业百科/www.careerplanwiki.com/wiki/药膳与食疗/6538.html]
[C:/My Websites/职业百科/www.careerplanwiki.com/wiki/眼视光技术/4781.html]
[C:/My Websites/职业百科/www.careerplanwiki.com/wiki/眼视光仪器技术/6539.html]
[C:/My Websites/职业百科/www.careerplanwiki.com/wiki/视觉训练与康复/6540.html]
[C:/My Websites/职业百科/www.careerplanwiki.com/wiki/财税大数据应用/4810.html]
[C:/My Websites/职业百科/www.careerplanwiki.com/wiki/资产评估与管理/4812.html]
[C:/My Websites/职业百科/www.careerplanwiki.com/wiki/政府采购管理/4813.html]
[C:/My Websites/职业百科/www.careerplanwiki.com/wiki/金融服务与管理/4815.html]
[C:/My Websites/职业百科/www.careerplanwiki.com/wiki/金融科技应用/4823.html]
[C:/My Websites/职业百科/www.careerplanwiki.com/wiki/保险实务/4819.html]
[C:/My Websites/职业百科/www.careerplanwiki.com/wiki/信用管理/4821.html]
[C:/My Websites/职业百科/www.careerplanwiki.com/wiki/财富管理/4820.html]
[C:/My Websites/职业百科/www.careerplanwiki.com/wiki/证券实务/4817.html]
[C:/My Websites/职业百科/www.careerplanwiki.com/wiki/国际金融/4816.html]
[C:/My Websites/职业百科/www.careerplanwiki.com/wiki/农村金融/4822.html]
[C:/My Websites/职业百科/www.careerplanwiki.com/wiki/大数据与财务管理/4825.html]
[C:/My Websites/职业百科/www.careerplanwiki.com/wiki/大数据与会计/4826.html]
[C:/My Websites/职业百科/www.careerplanwiki.com/wiki/大数据与审计/4827.html]
[C:/My Websites/职业百科/www.careerplanwiki.com/wiki/会计信息管理/4828.html]
[C:/My Websites/职业百科/www.careerplanwiki.com/wiki/统计与大数据分析/4830.html]
[C:/My Websites/职业百科/www.careerplanwiki.com/wiki/统计与会计核算/4831.html]
[C:/My Websites/职业百科/www.careerplanwiki.com/wiki/市场调查与统计分析/6509.html]
[C:/My Websites/职业百科/www.careerplanwiki.com/wiki/国际经济与贸易/4833.html]
[C:/My Websites/职业百科/www.careerplanwiki.com/wiki/国际商务/4835.html]
[C:/My Websites/职业百科/www.careerplanwiki.com/wiki/关务与外贸服务/4838.html]
[C:/My Websites/职业百科/www.careerplanwiki.com/wiki/服务外包/4836.html]
[C:/My Websites/职业百科/www.careerplanwiki.com/wiki/国际文化贸易/4840.html]
[C:/My Websites/职业百科/www.careerplanwiki.com/wiki/工商企业管理/4842.html]
[C:/My Websites/职业百科/www.careerplanwiki.com/wiki/连锁经营与管理/4845.html]
[C:/My Websites/职业百科/www.careerplanwiki.com/wiki/商务管理/4843.html]
[C:/My Websites/职业百科/www.careerplanwiki.com/wiki/中小企业创业与经营/5103.html]
[C:/My Websites/职业百科/www.careerplanwiki.com/wiki/市场营销/4849.html]
[C:/My Websites/职业百科/www.careerplanwiki.com/wiki/跨境电子商务/6510.html]
[C:/My Websites/职业百科/www.careerplanwiki.com/wiki/农村电子商务/6511.html]
[C:/My Websites/职业百科/www.careerplanwiki.com/wiki/电子商务/4854.html]
[C:/My Websites/职业百科/www.careerplanwiki.com/wiki/移动商务/4855.html]
[C:/My Websites/职业百科/www.careerplanwiki.com/wiki/网络营销与直播电商/4856.html]
[C:/My Websites/职业百科/www.careerplanwiki.com/wiki/商务数据分析与应用/5104.html]
[C:/My Websites/职业百科/www.careerplanwiki.com/wiki/供应链运营/6512.html]
[C:/My Websites/职业百科/www.careerplanwiki.com/wiki/物流工程技术/4858.html]
[C:/My Websites/职业百科/www.careerplanwiki.com/wiki/现代物流管理/4860.html]
[C:/My Websites/职业百科/www.careerplanwiki.com/wiki/航空物流管理/4692.html]
[C:/My Websites/职业百科/www.careerplanwiki.com/wiki/铁路物流管理/4645.html]
[C:/My Websites/职业百科/www.careerplanwiki.com/wiki/冷链物流技术与管理/4863.html]
[C:/My Websites/职业百科/www.careerplanwiki.com/wiki/港口物流管理/4672.html]
[C:/My Websites/职业百科/www.careerplanwiki.com/wiki/工程物流管理/4862.html]
[C:/My Websites/职业百科/www.careerplanwiki.com/wiki/采购与供应管理/4864.html]
[C:/My Websites/职业百科/www.careerplanwiki.com/wiki/智能物流技术/4859.html]
[C:/My Websites/职业百科/www.careerplanwiki.com/wiki/旅游管理/4867.html]
[C:/My Websites/职业百科/www.careerplanwiki.com/wiki/导游/4868.html]
[C:/My Websites/职业百科/www.careerplanwiki.com/wiki/旅行社经营与管理/4869.html]
[C:/My Websites/职业百科/www.careerplanwiki.com/wiki/定制旅行管理与服务/6513.html]
[C:/My Websites/职业百科/www.careerplanwiki.com/wiki/研学旅行管理与服务/6514.html]
[C:/My Websites/职业百科/www.careerplanwiki.com/wiki/酒店管理与数字化运营/4871.html]
[C:/My Websites/职业百科/www.careerplanwiki.com/wiki/民宿管理与运营/6515.html]
[C:/My Websites/职业百科/www.careerplanwiki.com/wiki/葡萄酒文化与营销/6516.html]
[C:/My Websites/职业百科/www.careerplanwiki.com/wiki/茶艺与茶文化/4852.html]
[C:/My Websites/职业百科/www.careerplanwiki.com/wiki/智慧景区开发与管理/4870.html]
[C:/My Websites/职业百科/www.careerplanwiki.com/wiki/智慧旅游技术应用/6517.html]
[C:/My Websites/职业百科/www.careerplanwiki.com/wiki/会展策划与管理/4880.html]
[C:/My Websites/职业百科/www.careerplanwiki.com/wiki/休闲服务与管理/4872.html]
[C:/My Websites/职业百科/www.careerplanwiki.com/wiki/餐饮智能管理/4874.html]
[C:/My Websites/职业百科/www.careerplanwiki.com/wiki/烹饪工艺与营养/4875.html]
[C:/My Websites/职业百科/www.careerplanwiki.com/wiki/中西面点工艺/4877.html]
[C:/My Websites/职业百科/www.careerplanwiki.com/wiki/西式烹饪工艺/4878.html]
[C:/My Websites/职业百科/www.careerplanwiki.com/wiki/营养配餐/4876.html]
[C:/My Websites/职业百科/www.careerplanwiki.com/wiki/艺术设计/4883.html]
[C:/My Websites/职业百科/www.careerplanwiki.com/wiki/视觉传达设计/4884.html]
[C:/My Websites/职业百科/www.careerplanwiki.com/wiki/数字媒体艺术设计/4886.html]
[C:/My Websites/职业百科/www.careerplanwiki.com/wiki/产品艺术设计/4887.html]
[C:/My Websites/职业百科/www.careerplanwiki.com/wiki/服装与服饰设计/4890.html]
[C:/My Websites/职业百科/www.careerplanwiki.com/wiki/环境艺术设计/4893.html]
[C:/My Websites/职业百科/www.careerplanwiki.com/wiki/书画艺术/4907.html]
[C:/My Websites/职业百科/www.careerplanwiki.com/wiki/公共艺术设计/4894.html]
[C:/My Websites/职业百科/www.careerplanwiki.com/wiki/游戏艺术设计/4903.html]
[C:/My Websites/职业百科/www.careerplanwiki.com/wiki/展示艺术设计/4892.html]
[C:/My Websites/职业百科/www.careerplanwiki.com/wiki/美容美体艺术/4905.html]
[C:/My Websites/职业百科/www.careerplanwiki.com/wiki/工艺美术品设计/4901.html]
[C:/My Websites/职业百科/www.careerplanwiki.com/wiki/广告艺术设计/4885.html]
[C:/My Websites/职业百科/www.careerplanwiki.com/wiki/室内艺术设计/4891.html]
[C:/My Websites/职业百科/www.careerplanwiki.com/wiki/家具艺术设计/4888.html]
[C:/My Websites/职业百科/www.careerplanwiki.com/wiki/动漫设计/4902.html]
[C:/My Websites/职业百科/www.careerplanwiki.com/wiki/人物形象设计/4904.html]
[C:/My Websites/职业百科/www.careerplanwiki.com/wiki/摄影与摄像艺术/4906.html]
[C:/My Websites/职业百科/www.careerplanwiki.com/wiki/雕刻艺术设计/4895.html]
[C:/My Websites/职业百科/www.careerplanwiki.com/wiki/皮具艺术设计/4889.html]
[C:/My Websites/职业百科/www.careerplanwiki.com/wiki/包装艺术设计/4896.html]
[C:/My Websites/职业百科/www.careerplanwiki.com/wiki/陶瓷设计与工艺/4897.html]
[C:/My Websites/职业百科/www.careerplanwiki.com/wiki/首饰设计与工艺/4900.html]
[C:/My Websites/职业百科/www.careerplanwiki.com/wiki/玉器设计与工艺/4899.html]
[C:/My Websites/职业百科/www.careerplanwiki.com/wiki/刺绣设计与工艺/4898.html]
[C:/My Websites/职业百科/www.careerplanwiki.com/wiki/雕塑设计/6518.html]
[C:/My Websites/职业百科/www.careerplanwiki.com/wiki/服装陈列与展示设计/4610.html]
[C:/My Websites/职业百科/www.careerplanwiki.com/wiki/音乐表演/6519.html]
[C:/My Websites/职业百科/www.careerplanwiki.com/wiki/舞蹈表演/4915.html]
[C:/My Websites/职业百科/www.careerplanwiki.com/wiki/戏曲表演/4912.html]
[C:/My Websites/职业百科/www.careerplanwiki.com/wiki/表演艺术/4909.html]
[C:/My Websites/职业百科/www.careerplanwiki.com/wiki/戏剧影视表演/4910.html]
[C:/My Websites/职业百科/www.careerplanwiki.com/wiki/歌舞表演/4911.html]
[C:/My Websites/职业百科/www.careerplanwiki.com/wiki/曲艺表演/4913.html]
[C:/My Websites/职业百科/www.careerplanwiki.com/wiki/音乐剧表演/4914.html]
[C:/My Websites/职业百科/www.careerplanwiki.com/wiki/国际标准舞/4916.html]
[C:/My Websites/职业百科/www.careerplanwiki.com/wiki/现代流行音乐/4919.html]
[C:/My Websites/职业百科/www.careerplanwiki.com/wiki/戏曲音乐/6520.html]
[C:/My Websites/职业百科/www.careerplanwiki.com/wiki/音乐制作/4921.html]
[C:/My Websites/职业百科/www.careerplanwiki.com/wiki/钢琴伴奏/4922.html]
[C:/My Websites/职业百科/www.careerplanwiki.com/wiki/钢琴调律/4923.html]
[C:/My Websites/职业百科/www.careerplanwiki.com/wiki/舞蹈编导/4924.html]
[C:/My Websites/职业百科/www.careerplanwiki.com/wiki/音乐传播/5105.html]
[C:/My Websites/职业百科/www.careerplanwiki.com/wiki/时尚表演与传播/4917.html]
[C:/My Websites/职业百科/www.careerplanwiki.com/wiki/舞台艺术设计与制作/4926.html]
[C:/My Websites/职业百科/www.careerplanwiki.com/wiki/作曲技术/4920.html]
[C:/My Websites/职业百科/www.careerplanwiki.com/wiki/现代魔术设计与表演/6521.html]
[C:/My Websites/职业百科/www.careerplanwiki.com/wiki/民族表演艺术/4928.html]
[C:/My Websites/职业百科/www.careerplanwiki.com/wiki/民族美术/4929.html]
[C:/My Websites/职业百科/www.careerplanwiki.com/wiki/民族服装与饰品/4930.html]
[C:/My Websites/职业百科/www.careerplanwiki.com/wiki/民族传统技艺/4932.html]
[C:/My Websites/职业百科/www.careerplanwiki.com/wiki/中国少数民族语言文化/4934.html]
[C:/My Websites/职业百科/www.careerplanwiki.com/wiki/文化创意与策划/4936.html]
[C:/My Websites/职业百科/www.careerplanwiki.com/wiki/文化产业经营与管理/4937.html]
[C:/My Websites/职业百科/www.careerplanwiki.com/wiki/公共文化服务与管理/4938.html]
[C:/My Websites/职业百科/www.careerplanwiki.com/wiki/文物修复与保护/4939.html]
[C:/My Websites/职业百科/www.careerplanwiki.com/wiki/文物考古技术/4940.html]
[C:/My Websites/职业百科/www.careerplanwiki.com/wiki/文物展示利用技术/4941.html]
[C:/My Websites/职业百科/www.careerplanwiki.com/wiki/图书档案管理/4942.html]
[C:/My Websites/职业百科/www.careerplanwiki.com/wiki/石窟寺保护技术/6522.html]
[C:/My Websites/职业百科/www.careerplanwiki.com/wiki/数字图文信息处理技术/4945.html]
[C:/My Websites/职业百科/www.careerplanwiki.com/wiki/网络新闻与传播/4946.html]
[C:/My Websites/职业百科/www.careerplanwiki.com/wiki/出版策划与编辑/4947.html]
[C:/My Websites/职业百科/www.careerplanwiki.com/wiki/出版商务/4948.html]
[C:/My Websites/职业百科/www.careerplanwiki.com/wiki/数字出版/4951.html]
[C:/My Websites/职业百科/www.careerplanwiki.com/wiki/数字媒体设备应用与管理/4952.html]
[C:/My Websites/职业百科/www.careerplanwiki.com/wiki/播音与主持/4955.html]
[C:/My Websites/职业百科/www.careerplanwiki.com/wiki/广播影视节目制作/4956.html]
[C:/My Websites/职业百科/www.careerplanwiki.com/wiki/数字广播电视技术/4957.html]
[C:/My Websites/职业百科/www.careerplanwiki.com/wiki/影视编导/4959.html]
[C:/My Websites/职业百科/www.careerplanwiki.com/wiki/新闻采编与制作/4954.html]
[C:/My Websites/职业百科/www.careerplanwiki.com/wiki/影视动画/4962.html]
[C:/My Websites/职业百科/www.careerplanwiki.com/wiki/影视制片管理/4958.html]
[C:/My Websites/职业百科/www.careerplanwiki.com/wiki/影视多媒体技术/4961.html]
[C:/My Websites/职业百科/www.careerplanwiki.com/wiki/影视照明技术与艺术/4963.html]
[C:/My Websites/职业百科/www.careerplanwiki.com/wiki/音像技术/4964.html]
[C:/My Websites/职业百科/www.careerplanwiki.com/wiki/录音技术与艺术/4965.html]
[C:/My Websites/职业百科/www.careerplanwiki.com/wiki/摄影摄像技术/4966.html]
[C:/My Websites/职业百科/www.careerplanwiki.com/wiki/融媒体技术与运营/6523.html]
[C:/My Websites/职业百科/www.careerplanwiki.com/wiki/网络直播与运营/6524.html]
[C:/My Websites/职业百科/www.careerplanwiki.com/wiki/传播与策划/4967.html]
[C:/My Websites/职业百科/www.careerplanwiki.com/wiki/全媒体广告策划与营销/4968.html]
[C:/My Websites/职业百科/www.careerplanwiki.com/wiki/早期教育/4971.html]
[C:/My Websites/职业百科/www.careerplanwiki.com/wiki/学前教育/4972.html]
[C:/My Websites/职业百科/www.careerplanwiki.com/wiki/小学教育/4973.html]
[C:/My Websites/职业百科/www.careerplanwiki.com/wiki/小学语文教育/4974.html]
[C:/My Websites/职业百科/www.careerplanwiki.com/wiki/小学数学教育/4975.html]
[C:/My Websites/职业百科/www.careerplanwiki.com/wiki/小学英语教育/4976.html]
[C:/My Websites/职业百科/www.careerplanwiki.com/wiki/小学科学教育/4977.html]
[C:/My Websites/职业百科/www.careerplanwiki.com/wiki/音乐教育/4982.html]
[C:/My Websites/职业百科/www.careerplanwiki.com/wiki/美术教育/6525.html]
[C:/My Websites/职业百科/www.careerplanwiki.com/wiki/体育教育/4984.html]
[C:/My Websites/职业百科/www.careerplanwiki.com/wiki/小学道德与法治教育/4985.html]
[C:/My Websites/职业百科/www.careerplanwiki.com/wiki/舞蹈教育/4986.html]
[C:/My Websites/职业百科/www.careerplanwiki.com/wiki/艺术教育/4987.html]
[C:/My Websites/职业百科/www.careerplanwiki.com/wiki/特殊教育/4988.html]
[C:/My Websites/职业百科/www.careerplanwiki.com/wiki/现代教育技术/4990.html]
[C:/My Websites/职业百科/www.careerplanwiki.com/wiki/心理健康教育/4991.html]
[C:/My Websites/职业百科/www.careerplanwiki.com/wiki/商务英语/4994.html]
[C:/My Websites/职业百科/www.careerplanwiki.com/wiki/应用英语/4995.html]
[C:/My Websites/职业百科/www.careerplanwiki.com/wiki/旅游英语/4996.html]
[C:/My Websites/职业百科/www.careerplanwiki.com/wiki/应用韩语/5000.html]
[C:/My Websites/职业百科/www.careerplanwiki.com/wiki/商务日语/4997.html]
[C:/My Websites/职业百科/www.careerplanwiki.com/wiki/应用日语/4998.html]
[C:/My Websites/职业百科/www.careerplanwiki.com/wiki/旅游日语/4999.html]
[C:/My Websites/职业百科/www.careerplanwiki.com/wiki/应用外语/5008.html]
[C:/My Websites/职业百科/www.careerplanwiki.com/wiki/中文/4993.html]
[C:/My Websites/职业百科/www.careerplanwiki.com/wiki/应用俄语/5001.html]
[C:/My Websites/职业百科/www.careerplanwiki.com/wiki/应用法语/5002.html]
[C:/My Websites/职业百科/www.careerplanwiki.com/wiki/应用西班牙语/5004.html]
[C:/My Websites/职业百科/www.careerplanwiki.com/wiki/应用德语/5003.html]
[C:/My Websites/职业百科/www.careerplanwiki.com/wiki/应用泰语/5006.html]
[C:/My Websites/职业百科/www.careerplanwiki.com/wiki/应用越南语/5005.html]
[C:/My Websites/职业百科/www.careerplanwiki.com/wiki/应用阿拉伯语/5007.html]
[C:/My Websites/职业百科/www.careerplanwiki.com/wiki/现代文秘/5010.html]
[C:/My Websites/职业百科/www.careerplanwiki.com/wiki/社会体育/5015.html]
[C:/My Websites/职业百科/www.careerplanwiki.com/wiki/休闲体育/5016.html]
[C:/My Websites/职业百科/www.careerplanwiki.com/wiki/运动训练/5013.html]
[C:/My Websites/职业百科/www.careerplanwiki.com/wiki/民族传统体育/5018.html]
[C:/My Websites/职业百科/www.careerplanwiki.com/wiki/运动防护/5014.html]
[C:/My Websites/职业百科/www.careerplanwiki.com/wiki/体育保健与康复/5021.html]
[C:/My Websites/职业百科/www.careerplanwiki.com/wiki/健身指导与管理/5022.html]
[C:/My Websites/职业百科/www.careerplanwiki.com/wiki/体育运营与管理/5020.html]
[C:/My Websites/职业百科/www.careerplanwiki.com/wiki/电子竞技运动与管理/5106.html]
[C:/My Websites/职业百科/www.careerplanwiki.com/wiki/高尔夫球运动与管理/5017.html]
[C:/My Websites/职业百科/www.careerplanwiki.com/wiki/体育艺术表演/5019.html]
[C:/My Websites/职业百科/www.careerplanwiki.com/wiki/治安管理/5025.html]
[C:/My Websites/职业百科/www.careerplanwiki.com/wiki/道路交通管理/5026.html]
[C:/My Websites/职业百科/www.careerplanwiki.com/wiki/特警/5031.html]
[C:/My Websites/职业百科/www.careerplanwiki.com/wiki/警务指挥与战术/5038.html]
[C:/My Websites/职业百科/www.careerplanwiki.com/wiki/刑事科学技术/5046.html]
[C:/My Websites/职业百科/www.careerplanwiki.com/wiki/网络安全与执法/5027.html]
[C:/My Websites/职业百科/www.careerplanwiki.com/wiki/警犬技术/5047.html]
[C:/My Websites/职业百科/www.careerplanwiki.com/wiki/刑事侦查/5049.html]
[C:/My Websites/职业百科/www.careerplanwiki.com/wiki/政治安全保卫/5050.html]
[C:/My Websites/职业百科/www.careerplanwiki.com/wiki/经济犯罪侦查/5051.html]
[C:/My Websites/职业百科/www.careerplanwiki.com/wiki/禁毒/5052.html]
[C:/My Websites/职业百科/www.careerplanwiki.com/wiki/法律事务/5054.html]
[C:/My Websites/职业百科/www.careerplanwiki.com/wiki/法律文秘/5055.html]
[C:/My Websites/职业百科/www.careerplanwiki.com/wiki/检察事务/5057.html]
[C:/My Websites/职业百科/www.careerplanwiki.com/wiki/刑事执行/5059.html]
[C:/My Websites/职业百科/www.careerplanwiki.com/wiki/民事执行/5060.html]
[C:/My Websites/职业百科/www.careerplanwiki.com/wiki/行政执行/5061.html]
[C:/My Websites/职业百科/www.careerplanwiki.com/wiki/司法警务/5062.html]
[C:/My Websites/职业百科/www.careerplanwiki.com/wiki/社区矫正/5063.html]
[C:/My Websites/职业百科/www.careerplanwiki.com/wiki/刑事侦查技术/5065.html]
[C:/My Websites/职业百科/www.careerplanwiki.com/wiki/司法信息技术/5067.html]
[C:/My Websites/职业百科/www.careerplanwiki.com/wiki/司法鉴定技术/5068.html]
[C:/My Websites/职业百科/www.careerplanwiki.com/wiki/司法信息安全/5069.html]
[C:/My Websites/职业百科/www.careerplanwiki.com/wiki/罪犯心理测量与矫正技术/5070.html]
[C:/My Websites/职业百科/www.careerplanwiki.com/wiki/戒毒矫治技术/5071.html]
[C:/My Websites/职业百科/www.careerplanwiki.com/wiki/安全防范技术/5066.html]
[C:/My Websites/职业百科/www.careerplanwiki.com/wiki/安全保卫管理/6541.html]
[C:/My Websites/职业百科/www.careerplanwiki.com/wiki/智能安防运营管理/6542.html]
[C:/My Websites/职业百科/www.careerplanwiki.com/wiki/社会工作/5075.html]
[C:/My Websites/职业百科/www.careerplanwiki.com/wiki/党务工作/6532.html]
[C:/My Websites/职业百科/www.careerplanwiki.com/wiki/青少年工作与管理/5077.html]
[C:/My Websites/职业百科/www.careerplanwiki.com/wiki/社区管理与服务/5078.html]
[C:/My Websites/职业百科/www.careerplanwiki.com/wiki/公共关系/5079.html]
[C:/My Websites/职业百科/www.careerplanwiki.com/wiki/公益慈善事业管理/5107.html]
[C:/My Websites/职业百科/www.careerplanwiki.com/wiki/民政服务与管理/5082.html]
[C:/My Websites/职业百科/www.careerplanwiki.com/wiki/人力资源管理/5083.html]
[C:/My Websites/职业百科/www.careerplanwiki.com/wiki/劳动与社会保障/5084.html]
[C:/My Websites/职业百科/www.careerplanwiki.com/wiki/网络舆情监测/5085.html]
[C:/My Websites/职业百科/www.careerplanwiki.com/wiki/公共事务管理/5086.html]
[C:/My Websites/职业百科/www.careerplanwiki.com/wiki/行政管理/5087.html]
[C:/My Websites/职业百科/www.careerplanwiki.com/wiki/质量管理与认证/5088.html]
[C:/My Websites/职业百科/www.careerplanwiki.com/wiki/知识产权管理/5089.html]
[C:/My Websites/职业百科/www.careerplanwiki.com/wiki/职业指导与服务/6533.html]
[C:/My Websites/职业百科/www.careerplanwiki.com/wiki/标准化技术/6534.html]
[C:/My Websites/职业百科/www.careerplanwiki.com/wiki/现代家政服务与管理/5092.html]
[C:/My Websites/职业百科/www.careerplanwiki.com/wiki/智慧健康养老服务与管理/5091.html]
[C:/My Websites/职业百科/www.careerplanwiki.com/wiki/社区康复/5094.html]
[C:/My Websites/职业百科/www.careerplanwiki.com/wiki/婚庆服务与管理/5093.html]
[C:/My Websites/职业百科/www.careerplanwiki.com/wiki/现代殡葬技术与管理/5095.html]
[C:/My Websites/职业百科/www.careerplanwiki.com/wiki/殡葬设备维护技术/6535.html]
[C:/My Websites/职业百科/www.careerplanwiki.com/major.html]
[C:/My Websites/职业百科/www.careerplanwiki.com/wiki/陵园服务与管理/6536.html]
[C:/My Websites/职业百科/www.careerplanwiki.com/wiki/先进制造/5991.html]
[C:/My Websites/职业百科/www.careerplanwiki.com/wiki/企业服务/6006.html]
[C:/My Websites/职业百科/www.careerplanwiki.com/wiki/医疗健康/5993.html]
[C:/My Websites/职业百科/www.careerplanwiki.com/wiki/电商零售/5998.html]
[C:/My Websites/职业百科/www.careerplanwiki.com/wiki/汽车交通/5994.html]
[C:/My Websites/职业百科/www.careerplanwiki.com/wiki/金融/5996.html]
[C:/My Websites/职业百科/www.careerplanwiki.com/wiki/本地生活/6007.html]
[C:/My Websites/职业百科/www.careerplanwiki.com/wiki/教育/6008.html]
[C:/My Websites/职业百科/www.careerplanwiki.com/wiki/智能硬件/5162.html]
[C:/My Websites/职业百科/www.careerplanwiki.com/wiki/游戏/5893.html]
[C:/My Websites/职业百科/www.careerplanwiki.com/wiki/文娱传媒/5997.html]
[C:/My Websites/职业百科/www.careerplanwiki.com/wiki/体育运动/5999.html]
[C:/My Websites/职业百科/www.careerplanwiki.com/wiki/物流/5995.html]
[C:/My Websites/职业百科/www.careerplanwiki.com/wiki/房产服务/6000.html]
[C:/My Websites/职业百科/www.careerplanwiki.com/wiki/社交网络/6001.html]
[C:/My Websites/职业百科/www.careerplanwiki.com/wiki/广告营销/6002.html]
[C:/My Websites/职业百科/www.careerplanwiki.com/wiki/旅游/6003.html]
[C:/My Websites/职业百科/www.careerplanwiki.com/wiki/工具软件/6004.html]
[C:/My Websites/职业百科/www.careerplanwiki.com/wiki/农业/6005.html]
[C:/My Websites/职业百科/www.careerplanwiki.com/wiki/区块链/6036.html]
[C:/My Websites/职业百科/www.careerplanwiki.com/wiki/传统制造/6037.html]
[C:/My Websites/职业百科/www.careerplanwiki.com/trade.html]
[C:/My Websites/职业百科/www.careerplanwiki.com/company.html]
[C:/My Websites/职业百科/www.careerplanwiki.com/wiki/元宇宙/6035.html]
[C:/My Websites/职业百科/www.careerplanwiki.com/wiki/数据产品经理/5177.html]
[C:/My Websites/职业百科/www.careerplanwiki.com/wiki/商业产品经理/6009.html]
[C:/My Websites/职业百科/www.careerplanwiki.com/wiki/用户产品经理/6010.html]
[C:/My Websites/职业百科/www.careerplanwiki.com/wiki/策略产品经理/6011.html]
[C:/My Websites/职业百科/www.careerplanwiki.com/wiki/硬件产品经理/6012.html]
[C:/My Websites/职业百科/www.careerplanwiki.com/wiki/产品运营/7.html]
[C:/My Websites/职业百科/www.careerplanwiki.com/wiki/活动运营/6016.html]
[C:/My Websites/职业百科/www.careerplanwiki.com/wiki/数据运营/6013.html]
[C:/My Websites/职业百科/www.careerplanwiki.com/wiki/用户运营/6014.html]
[C:/My Websites/职业百科/www.careerplanwiki.com/wiki/新媒体运营/5721.html]
[C:/My Websites/职业百科/www.careerplanwiki.com/wiki/内容运营/6015.html]
[C:/My Websites/职业百科/www.careerplanwiki.com/wiki/直播运营/6017.html]
[C:/My Websites/职业百科/www.careerplanwiki.com/wiki/算法工程师/5180.html]
[C:/My Websites/职业百科/www.careerplanwiki.com/wiki/推荐算法工程师/5703.html]
[C:/My Websites/职业百科/www.careerplanwiki.com/wiki/深度学习算法工程师/17.html]
[C:/My Websites/职业百科/www.careerplanwiki.com/wiki/数据分析师/16.html]
[C:/My Websites/职业百科/www.careerplanwiki.com/wiki/商业分析师/15.html]
[C:/My Websites/职业百科/www.careerplanwiki.com/wiki/数据挖掘师/6018.html]
[C:/My Websites/职业百科/www.careerplanwiki.com/wiki/Python工程师/6019.html]
[C:/My Websites/职业百科/www.careerplanwiki.com/wiki/审计人员/5603.html]
[C:/My Websites/职业百科/www.careerplanwiki.com/wiki/财务人员/5622.html]
[C:/My Websites/职业百科/www.careerplanwiki.com/wiki/会计人员/5604.html]
[C:/My Websites/职业百科/www.careerplanwiki.com/wiki/出纳人员/5621.html]
[C:/My Websites/职业百科/www.careerplanwiki.com/wiki/税务师/5623.html]
[C:/My Websites/职业百科/www.careerplanwiki.com/wiki/金融产品经理/6020.html]
[C:/My Websites/职业百科/www.careerplanwiki.com/wiki/风险控制人员/11.html]
[C:/My Websites/职业百科/www.careerplanwiki.com/wiki/保险精算师/6021.html]
[C:/My Websites/职业百科/www.careerplanwiki.com/wiki/证券分析师/13.html]
[C:/My Websites/职业百科/www.careerplanwiki.com/wiki/操盘手/6022.html]
[C:/My Websites/职业百科/www.careerplanwiki.com/wiki/客户经理/5599.html]
[C:/My Websites/职业百科/www.careerplanwiki.com/wiki/渠道经理/5620.html]
[C:/My Websites/职业百科/www.careerplanwiki.com/wiki/汽车营销/5333.html]
[C:/My Websites/职业百科/www.careerplanwiki.com/wiki/网络营销/6110.html]
[C:/My Websites/职业百科/www.careerplanwiki.com/wiki/售前产品/6024.html]
[C:/My Websites/职业百科/www.careerplanwiki.com/wiki/保险顾问/6025.html]
[C:/My Websites/职业百科/www.careerplanwiki.com/wiki/投资顾问/6026.html]
[C:/My Websites/职业百科/www.careerplanwiki.com/wiki/证券经纪人/6027.html]
[C:/My Websites/职业百科/www.careerplanwiki.com/wiki/HTML5工程师/6028.html]
[C:/My Websites/职业百科/www.careerplanwiki.com/wiki/C语言开发工程师/6029.html]
[C:/My Websites/职业百科/www.careerplanwiki.com/wiki/Java工程师/6030.html]
[C:/My Websites/职业百科/www.careerplanwiki.com/wiki/软件测试工程师/6031.html]
[C:/My Websites/职业百科/www.careerplanwiki.com/wiki/运维工程师/6032.html]
[C:/My Websites/职业百科/www.careerplanwiki.com/wiki/营销管培生/6033.html]
[C:/My Websites/职业百科/www.careerplanwiki.com/position.html]
[C:/My Websites/职业百科/www.careerplanwiki.com/wiki/大学生比赛.html]
[C:/My Websites/职业百科/www.careerplanwiki.com/wiki/关于我们.html]
[C:/My Websites/职业百科/www.careerplanwiki.com/wiki/联系我们.html]
[C:/My Websites/职业百科/www.careerplanwiki.com/wiki/友情链接.html]
[C:/My Websites/职业百科/www.careerplanwiki.com/wiki/权利通知.html]
[C:/My Websites/职业百科/www.careerplanwiki.com/wiki/隐私政策.html]
[C:/My Websites/职业百科/www.careerplanwiki.com/assets/common/js/sea-debug2c03.js]
[C:/My Websites/职业百科/www.careerplanwiki.com/assets/common/css/swiper/swiper2c03.css]
[C:/My Websites/职业百科/www.careerplanwiki.com/wiki/哲学/3716.html]
[C:/My Websites/职业百科/www.careerplanwiki.com/wiki/逻辑学/3717.html]
[C:/My Websites/职业百科/www.careerplanwiki.com/wiki/宗教学/3718.html]
[C:/My Websites/职业百科/www.careerplanwiki.com/wiki/伦理学/3719.html]
[C:/My Websites/职业百科/www.careerplanwiki.com/wiki/财政学/3720.html]
[C:/My Websites/职业百科/www.careerplanwiki.com/wiki/税收学/3721.html]
[C:/My Websites/职业百科/www.careerplanwiki.com/wiki/国际税收/6686.html]
[C:/My Websites/职业百科/www.careerplanwiki.com/wiki/金融学/3722.html]
[C:/My Websites/职业百科/www.careerplanwiki.com/wiki/金融工程/3723.html]
[C:/My Websites/职业百科/www.careerplanwiki.com/wiki/保险学/3724.html]
[C:/My Websites/职业百科/www.careerplanwiki.com/wiki/投资学/3725.html]
[C:/My Websites/职业百科/www.careerplanwiki.com/wiki/金融数学/3726.html]
[C:/My Websites/职业百科/www.careerplanwiki.com/wiki/信用管理/3727.html]
[C:/My Websites/职业百科/www.careerplanwiki.com/wiki/经济与金融/3728.html]
[C:/My Websites/职业百科/www.careerplanwiki.com/wiki/精算学/6692.html]
[C:/My Websites/职业百科/www.careerplanwiki.com/wiki/互联网金融/6637.html]
[C:/My Websites/职业百科/www.careerplanwiki.com/wiki/金融科技/6636.html]
[C:/My Websites/职业百科/www.careerplanwiki.com/wiki/经济学/3729.html]
[C:/My Websites/职业百科/www.careerplanwiki.com/wiki/经济统计学/3730.html]
[C:/My Websites/职业百科/www.careerplanwiki.com/wiki/国民经济管理/3731.html]
[C:/My Websites/职业百科/www.careerplanwiki.com/wiki/资源与环境经济学/3732.html]
[C:/My Websites/职业百科/www.careerplanwiki.com/wiki/商务经济学/3733.html]
[C:/My Websites/职业百科/www.careerplanwiki.com/wiki/能源经济/3734.html]
[C:/My Websites/职业百科/www.careerplanwiki.com/wiki/劳动经济学/6644.html]
[C:/My Websites/职业百科/www.careerplanwiki.com/wiki/经济工程/6642.html]
[C:/My Websites/职业百科/www.careerplanwiki.com/wiki/数字经济/6639.html]
[C:/My Websites/职业百科/www.careerplanwiki.com/wiki/国际经济与贸易/3735.html]
[C:/My Websites/职业百科/www.careerplanwiki.com/wiki/贸易经济/3736.html]
[C:/My Websites/职业百科/www.careerplanwiki.com/wiki/国际经济发展合作/6564.html]
[C:/My Websites/职业百科/www.careerplanwiki.com/wiki/法学/3737.html]
[C:/My Websites/职业百科/www.careerplanwiki.com/wiki/知识产权/3738.html]
[C:/My Websites/职业百科/www.careerplanwiki.com/wiki/监狱学/3739.html]
[C:/My Websites/职业百科/www.careerplanwiki.com/wiki/信用风险管理与法律防控/6635.html]
[C:/My Websites/职业百科/www.careerplanwiki.com/wiki/国际经贸规则/6634.html]
[C:/My Websites/职业百科/www.careerplanwiki.com/wiki/司法警察学/6632.html]
[C:/My Websites/职业百科/www.careerplanwiki.com/wiki/社区矫正/6631.html]
[C:/My Websites/职业百科/www.careerplanwiki.com/wiki/纪检监察/6565.html]
[C:/My Websites/职业百科/www.careerplanwiki.com/wiki/科学社会主义/3740.html]
[C:/My Websites/职业百科/www.careerplanwiki.com/wiki/中国共产党历史/3741.html]
[C:/My Websites/职业百科/www.careerplanwiki.com/wiki/思想政治教育/3742.html]
[C:/My Websites/职业百科/www.careerplanwiki.com/wiki/马克思主义理论/6628.html]
[C:/My Websites/职业百科/www.careerplanwiki.com/wiki/民族学/3743.html]
[C:/My Websites/职业百科/www.careerplanwiki.com/wiki/治安学/3744.html]
[C:/My Websites/职业百科/www.careerplanwiki.com/wiki/侦查学/3745.html]
[C:/My Websites/职业百科/www.careerplanwiki.com/wiki/边防管理/3746.html]
[C:/My Websites/职业百科/www.careerplanwiki.com/wiki/禁毒学/3747.html]
[C:/My Websites/职业百科/www.careerplanwiki.com/wiki/警犬技术/3748.html]
[C:/My Websites/职业百科/www.careerplanwiki.com/wiki/经济犯罪侦查/3749.html]
[C:/My Websites/职业百科/www.careerplanwiki.com/wiki/边防指挥/3750.html]
[C:/My Websites/职业百科/www.careerplanwiki.com/wiki/消防指挥/3751.html]
[C:/My Websites/职业百科/www.careerplanwiki.com/wiki/警卫学/3752.html]
[C:/My Websites/职业百科/www.careerplanwiki.com/wiki/公安情报学/3753.html]
[C:/My Websites/职业百科/www.careerplanwiki.com/wiki/犯罪学/3754.html]
[C:/My Websites/职业百科/www.careerplanwiki.com/wiki/公安管理学/3755.html]
[C:/My Websites/职业百科/www.careerplanwiki.com/wiki/涉外警务/3756.html]
[C:/My Websites/职业百科/www.careerplanwiki.com/wiki/国内安全保卫/3757.html]
[C:/My Websites/职业百科/www.careerplanwiki.com/wiki/警务指挥与战术/3758.html]
[C:/My Websites/职业百科/www.careerplanwiki.com/wiki/技术侦查学/6627.html]
[C:/My Websites/职业百科/www.careerplanwiki.com/wiki/海警执法/6626.html]
[C:/My Websites/职业百科/www.careerplanwiki.com/wiki/公安政治工作/6625.html]
[C:/My Websites/职业百科/www.careerplanwiki.com/wiki/移民管理/6785.html]
[C:/My Websites/职业百科/www.careerplanwiki.com/wiki/出入境管理/6784.html]
[C:/My Websites/职业百科/www.careerplanwiki.com/wiki/反恐警务/6567.html]
[C:/My Websites/职业百科/www.careerplanwiki.com/wiki/消防政治工作/6568.html]
[C:/My Websites/职业百科/www.careerplanwiki.com/wiki/铁路警务/6548.html]
[C:/My Websites/职业百科/www.careerplanwiki.com/wiki/政治学与行政学/3760.html]
[C:/My Websites/职业百科/www.careerplanwiki.com/wiki/国际政治/3761.html]
[C:/My Websites/职业百科/www.careerplanwiki.com/wiki/外交学/3762.html]
[C:/My Websites/职业百科/www.careerplanwiki.com/wiki/国际事务与国际关系/3763.html]
[C:/My Websites/职业百科/www.careerplanwiki.com/wiki/政治学、经济学与哲学/3759.html]
[C:/My Websites/职业百科/www.careerplanwiki.com/wiki/国际组织与全球治理/6630.html]
[C:/My Websites/职业百科/www.careerplanwiki.com/wiki/社会学/3764.html]
[C:/My Websites/职业百科/www.careerplanwiki.com/wiki/社会工作/3765.html]
[C:/My Websites/职业百科/www.careerplanwiki.com/wiki/人类学/3766.html]
[C:/My Websites/职业百科/www.careerplanwiki.com/wiki/女性学/3767.html]
[C:/My Websites/职业百科/www.careerplanwiki.com/wiki/家政学/3768.html]
[C:/My Websites/职业百科/www.careerplanwiki.com/wiki/老年学/6629.html]
[C:/My Websites/职业百科/www.careerplanwiki.com/wiki/社会政策/6566.html]
[C:/My Websites/职业百科/www.careerplanwiki.com/wiki/体育教育/3769.html]
[C:/My Websites/职业百科/www.careerplanwiki.com/wiki/运动训练/3770.html]
[C:/My Websites/职业百科/www.careerplanwiki.com/wiki/社会体育指导与管理/3771.html]
[C:/My Websites/职业百科/www.careerplanwiki.com/wiki/武术与民族传统体育/3772.html]
[C:/My Websites/职业百科/www.careerplanwiki.com/wiki/运动人体科学/3773.html]
[C:/My Websites/职业百科/www.careerplanwiki.com/wiki/运动康复/3774.html]
[C:/My Websites/职业百科/www.careerplanwiki.com/wiki/休闲体育/3775.html]
[C:/My Websites/职业百科/www.careerplanwiki.com/wiki/体能训练/6778.html]
[C:/My Websites/职业百科/www.careerplanwiki.com/wiki/冰雪运动/6776.html]
[C:/My Websites/职业百科/www.careerplanwiki.com/wiki/电子竞技运动与管理/6775.html]
[C:/My Websites/职业百科/www.careerplanwiki.com/wiki/智能体育工程/6773.html]
[C:/My Websites/职业百科/www.careerplanwiki.com/wiki/体育旅游/6769.html]
[C:/My Websites/职业百科/www.careerplanwiki.com/wiki/运动能力开发/6767.html]
[C:/My Websites/职业百科/www.careerplanwiki.com/wiki/教育学/3778.html]
[C:/My Websites/职业百科/www.careerplanwiki.com/wiki/科学教育/3779.html]
[C:/My Websites/职业百科/www.careerplanwiki.com/wiki/人文教育/3780.html]
[C:/My Websites/职业百科/www.careerplanwiki.com/wiki/教育技术学/3781.html]
[C:/My Websites/职业百科/www.careerplanwiki.com/wiki/艺术教育/3782.html]
[C:/My Websites/职业百科/www.careerplanwiki.com/wiki/学前教育/3783.html]
[C:/My Websites/职业百科/www.careerplanwiki.com/wiki/小学教育/3784.html]
[C:/My Websites/职业百科/www.careerplanwiki.com/wiki/特殊教育/3776.html]
[C:/My Websites/职业百科/www.careerplanwiki.com/wiki/华文教育/3777.html]
[C:/My Websites/职业百科/www.careerplanwiki.com/wiki/教育康复学/6782.html]
[C:/My Websites/职业百科/www.careerplanwiki.com/wiki/卫生教育/6781.html]
[C:/My Websites/职业百科/www.careerplanwiki.com/wiki/认知科学与技术/6780.html]
[C:/My Websites/职业百科/www.careerplanwiki.com/wiki/融合教育/6569.html]
[C:/My Websites/职业百科/www.careerplanwiki.com/wiki/劳动教育/6570.html]
[C:/My Websites/职业百科/www.careerplanwiki.com/wiki/新闻学/3785.html]
[C:/My Websites/职业百科/www.careerplanwiki.com/wiki/广播电视学/3786.html]
[C:/My Websites/职业百科/www.careerplanwiki.com/wiki/广告学/3787.html]
[C:/My Websites/职业百科/www.careerplanwiki.com/wiki/传播学/3788.html]
[C:/My Websites/职业百科/www.careerplanwiki.com/wiki/编辑出版学/3789.html]
[C:/My Websites/职业百科/www.careerplanwiki.com/wiki/网络与新媒体/3790.html]
[C:/My Websites/职业百科/www.careerplanwiki.com/wiki/数字出版/3791.html]
[C:/My Websites/职业百科/www.careerplanwiki.com/wiki/时尚传播/6672.html]
[C:/My Websites/职业百科/www.careerplanwiki.com/wiki/国际新闻与传播/6671.html]
[C:/My Websites/职业百科/www.careerplanwiki.com/wiki/会展/6550.html]
[C:/My Websites/职业百科/www.careerplanwiki.com/wiki/汉语言文学/3792.html]
[C:/My Websites/职业百科/www.careerplanwiki.com/wiki/汉语言/3793.html]
[C:/My Websites/职业百科/www.careerplanwiki.com/wiki/汉语国际教育/3794.html]
[C:/My Websites/职业百科/www.careerplanwiki.com/wiki/中国少数民族语言文学/3795.html]
[C:/My Websites/职业百科/www.careerplanwiki.com/wiki/古典文献学/3796.html]
[C:/My Websites/职业百科/www.careerplanwiki.com/wiki/应用语言学/3797.html]
[C:/My Websites/职业百科/www.careerplanwiki.com/wiki/秘书学/3798.html]
[C:/My Websites/职业百科/www.careerplanwiki.com/wiki/中国语言与文化/6765.html]
[C:/My Websites/职业百科/www.careerplanwiki.com/wiki/手语翻译/6763.html]
[C:/My Websites/职业百科/www.careerplanwiki.com/wiki/桑戈语/6761.html]
[C:/My Websites/职业百科/www.careerplanwiki.com/wiki/英语/3857.html]
[C:/My Websites/职业百科/www.careerplanwiki.com/wiki/俄语/3860.html]
[C:/My Websites/职业百科/www.careerplanwiki.com/wiki/德语/3799.html]
[C:/My Websites/职业百科/www.careerplanwiki.com/wiki/法语/3802.html]
[C:/My Websites/职业百科/www.careerplanwiki.com/wiki/西班牙语/3805.html]
[C:/My Websites/职业百科/www.careerplanwiki.com/wiki/阿拉伯语/3808.html]
[C:/My Websites/职业百科/www.careerplanwiki.com/wiki/日语/3811.html]
[C:/My Websites/职业百科/www.careerplanwiki.com/wiki/波斯语/3814.html]
[C:/My Websites/职业百科/www.careerplanwiki.com/wiki/朝鲜语/3817.html]
[C:/My Websites/职业百科/www.careerplanwiki.com/wiki/菲律宾语/6677.html]
[C:/My Websites/职业百科/www.careerplanwiki.com/wiki/语言学/3819.html]
[C:/My Websites/职业百科/www.careerplanwiki.com/wiki/塔玛齐格特语/6674.html]
[C:/My Websites/职业百科/www.careerplanwiki.com/wiki/爪哇语/6675.html]
[C:/My Websites/职业百科/www.careerplanwiki.com/wiki/旁遮普语/6563.html]
[C:/My Websites/职业百科/www.careerplanwiki.com/wiki/梵语巴利语/3821.html]
[C:/My Websites/职业百科/www.careerplanwiki.com/wiki/印度尼西亚语/3823.html]
[C:/My Websites/职业百科/www.careerplanwiki.com/wiki/印地语/3825.html]
[C:/My Websites/职业百科/www.careerplanwiki.com/wiki/柬埔寨语/3826.html]
[C:/My Websites/职业百科/www.careerplanwiki.com/wiki/老挝语/3827.html]
[C:/My Websites/职业百科/www.careerplanwiki.com/wiki/缅甸语/3815.html]
[C:/My Websites/职业百科/www.careerplanwiki.com/wiki/马来语/3828.html]
[C:/My Websites/职业百科/www.careerplanwiki.com/wiki/蒙古语/3829.html]
[C:/My Websites/职业百科/www.careerplanwiki.com/wiki/僧伽罗语/3830.html]
[C:/My Websites/职业百科/www.careerplanwiki.com/wiki/泰语/3831.html]
[C:/My Websites/职业百科/www.careerplanwiki.com/wiki/乌尔都语/3832.html]
[C:/My Websites/职业百科/www.careerplanwiki.com/wiki/希伯来语/3833.html]
[C:/My Websites/职业百科/www.careerplanwiki.com/wiki/越南语/3834.html]
[C:/My Websites/职业百科/www.careerplanwiki.com/wiki/豪萨语/3836.html]
[C:/My Websites/职业百科/www.careerplanwiki.com/wiki/斯瓦希里语/3838.html]
[C:/My Websites/职业百科/www.careerplanwiki.com/wiki/阿尔巴尼亚语/3840.html]
[C:/My Websites/职业百科/www.careerplanwiki.com/wiki/保加利亚语/3842.html]
[C:/My Websites/职业百科/www.careerplanwiki.com/wiki/波兰语/3844.html]
[C:/My Websites/职业百科/www.careerplanwiki.com/wiki/捷克语/3846.html]
[C:/My Websites/职业百科/www.careerplanwiki.com/wiki/斯洛伐克语/3848.html]
[C:/My Websites/职业百科/www.careerplanwiki.com/wiki/罗马尼亚语/3850.html]
[C:/My Websites/职业百科/www.careerplanwiki.com/wiki/葡萄牙语/3852.html]
[C:/My Websites/职业百科/www.careerplanwiki.com/wiki/瑞典语/3854.html]
[C:/My Websites/职业百科/www.careerplanwiki.com/wiki/塞尔维亚语/3856.html]
[C:/My Websites/职业百科/www.careerplanwiki.com/wiki/土耳其语/3859.html]
[C:/My Websites/职业百科/www.careerplanwiki.com/wiki/希腊语/3801.html]
[C:/My Websites/职业百科/www.careerplanwiki.com/wiki/匈牙利语/3804.html]
[C:/My Websites/职业百科/www.careerplanwiki.com/wiki/意大利语/3807.html]
[C:/My Websites/职业百科/www.careerplanwiki.com/wiki/泰米尔语/3810.html]
[C:/My Websites/职业百科/www.careerplanwiki.com/wiki/普什图语/3813.html]
[C:/My Websites/职业百科/www.careerplanwiki.com/wiki/世界语/3816.html]
[C:/My Websites/职业百科/www.careerplanwiki.com/wiki/孟加拉语/3818.html]
[C:/My Websites/职业百科/www.careerplanwiki.com/wiki/尼泊尔语/3820.html]
[C:/My Websites/职业百科/www.careerplanwiki.com/wiki/克罗地亚语/3822.html]
[C:/My Websites/职业百科/www.careerplanwiki.com/wiki/荷兰语/3824.html]
[C:/My Websites/职业百科/www.careerplanwiki.com/wiki/芬兰语/3835.html]
[C:/My Websites/职业百科/www.careerplanwiki.com/wiki/乌克兰语/3837.html]
[C:/My Websites/职业百科/www.careerplanwiki.com/wiki/挪威语/3839.html]
[C:/My Websites/职业百科/www.careerplanwiki.com/wiki/丹麦语/3841.html]
[C:/My Websites/职业百科/www.careerplanwiki.com/wiki/冰岛语/3843.html]
[C:/My Websites/职业百科/www.careerplanwiki.com/wiki/爱尔兰语/3845.html]
[C:/My Websites/职业百科/www.careerplanwiki.com/wiki/拉脱维亚语/3847.html]
[C:/My Websites/职业百科/www.careerplanwiki.com/wiki/立陶宛语/3849.html]
[C:/My Websites/职业百科/www.careerplanwiki.com/wiki/斯洛文尼亚语/3851.html]
[C:/My Websites/职业百科/www.careerplanwiki.com/wiki/爱沙尼亚语/3853.html]
[C:/My Websites/职业百科/www.careerplanwiki.com/wiki/马耳他语/3855.html]
[C:/My Websites/职业百科/www.careerplanwiki.com/wiki/哈萨克语/3858.html]
[C:/My Websites/职业百科/www.careerplanwiki.com/wiki/乌兹别克语/3800.html]
[C:/My Websites/职业百科/www.careerplanwiki.com/wiki/祖鲁语/3803.html]
[C:/My Websites/职业百科/www.careerplanwiki.com/wiki/拉丁语/3806.html]
[C:/My Websites/职业百科/www.careerplanwiki.com/wiki/翻译/3809.html]
[C:/My Websites/职业百科/www.careerplanwiki.com/wiki/商务英语/3812.html]
[C:/My Websites/职业百科/www.careerplanwiki.com/wiki/阿姆哈拉语/6760.html]
[C:/My Websites/职业百科/www.careerplanwiki.com/wiki/吉尔吉斯语/6758.html]
[C:/My Websites/职业百科/www.careerplanwiki.com/wiki/索马里语/6755.html]
[C:/My Websites/职业百科/www.careerplanwiki.com/wiki/土库曼语/6753.html]
[C:/My Websites/职业百科/www.careerplanwiki.com/wiki/加泰罗尼亚语/6750.html]
[C:/My Websites/职业百科/www.careerplanwiki.com/wiki/约鲁巴语/6747.html]
[C:/My Websites/职业百科/www.careerplanwiki.com/wiki/亚美尼亚语/6744.html]
[C:/My Websites/职业百科/www.careerplanwiki.com/wiki/马达加斯加语/6743.html]
[C:/My Websites/职业百科/www.careerplanwiki.com/wiki/格鲁吉亚语/6740.html]
[C:/My Websites/职业百科/www.careerplanwiki.com/wiki/阿塞拜疆语/6737.html]
[C:/My Websites/职业百科/www.careerplanwiki.com/wiki/阿非利卡语/6735.html]
[C:/My Websites/职业百科/www.careerplanwiki.com/wiki/马其顿语/6732.html]
[C:/My Websites/职业百科/www.careerplanwiki.com/wiki/塔吉克语/6729.html]
[C:/My Websites/职业百科/www.careerplanwiki.com/wiki/茨瓦纳语/6727.html]
[C:/My Websites/职业百科/www.careerplanwiki.com/wiki/恩德贝莱语/6725.html]
[C:/My Websites/职业百科/www.careerplanwiki.com/wiki/科摩罗语/6723.html]
[C:/My Websites/职业百科/www.careerplanwiki.com/wiki/克里奥尔语/6721.html]
[C:/My Websites/职业百科/www.careerplanwiki.com/wiki/绍纳语/6718.html]
[C:/My Websites/职业百科/www.careerplanwiki.com/wiki/提格雷尼亚语/6716.html]
[C:/My Websites/职业百科/www.careerplanwiki.com/wiki/白俄罗斯语/6714.html]
[C:/My Websites/职业百科/www.careerplanwiki.com/wiki/毛利语/6712.html]
[C:/My Websites/职业百科/www.careerplanwiki.com/wiki/汤加语/6709.html]
[C:/My Websites/职业百科/www.careerplanwiki.com/wiki/萨摩亚语/6708.html]
[C:/My Websites/职业百科/www.careerplanwiki.com/wiki/库尔德语/6705.html]
[C:/My Websites/职业百科/www.careerplanwiki.com/wiki/比斯拉马语/6703.html]
[C:/My Websites/职业百科/www.careerplanwiki.com/wiki/达里语/6700.html]
[C:/My Websites/职业百科/www.careerplanwiki.com/wiki/德顿语/6697.html]
[C:/My Websites/职业百科/www.careerplanwiki.com/wiki/迪维希语/6695.html]
[C:/My Websites/职业百科/www.careerplanwiki.com/wiki/斐济语/6693.html]
[C:/My Websites/职业百科/www.careerplanwiki.com/wiki/库克群岛毛利语/6691.html]
[C:/My Websites/职业百科/www.careerplanwiki.com/wiki/隆迪语/6689.html]
[C:/My Websites/职业百科/www.careerplanwiki.com/wiki/卢森堡语/6687.html]
[C:/My Websites/职业百科/www.careerplanwiki.com/wiki/卢旺达语/6684.html]
[C:/My Websites/职业百科/www.careerplanwiki.com/wiki/纽埃语/6683.html]
[C:/My Websites/职业百科/www.careerplanwiki.com/wiki/皮金语/6682.html]
[C:/My Websites/职业百科/www.careerplanwiki.com/wiki/切瓦语/6680.html]
[C:/My Websites/职业百科/www.careerplanwiki.com/wiki/塞苏陀语/6678.html]
[C:/My Websites/职业百科/www.careerplanwiki.com/wiki/历史学/3861.html]
[C:/My Websites/职业百科/www.careerplanwiki.com/wiki/世界史/3862.html]
[C:/My Websites/职业百科/www.careerplanwiki.com/wiki/考古学/3863.html]
[C:/My Websites/职业百科/www.careerplanwiki.com/wiki/文物与博物馆学/3864.html]
[C:/My Websites/职业百科/www.careerplanwiki.com/wiki/文物保护技术/3865.html]
[C:/My Websites/职业百科/www.careerplanwiki.com/wiki/外国语言与外国历史/3866.html]
[C:/My Websites/职业百科/www.careerplanwiki.com/wiki/文化遗产/6669.html]
[C:/My Websites/职业百科/www.careerplanwiki.com/wiki/古文字学/6571.html]
[C:/My Websites/职业百科/www.careerplanwiki.com/wiki/科学史/6572.html]
[C:/My Websites/职业百科/www.careerplanwiki.com/wiki/物理学/3867.html]
[C:/My Websites/职业百科/www.careerplanwiki.com/wiki/应用物理学/3868.html]
[C:/My Websites/职业百科/www.careerplanwiki.com/wiki/核物理/3869.html]
[C:/My Websites/职业百科/www.careerplanwiki.com/wiki/声学/3870.html]
[C:/My Websites/职业百科/www.careerplanwiki.com/wiki/系统科学与工程/6666.html]
[C:/My Websites/职业百科/www.careerplanwiki.com/wiki/量子信息科学/6573.html]
[C:/My Websites/职业百科/www.careerplanwiki.com/wiki/心理学/3871.html]
[C:/My Websites/职业百科/www.careerplanwiki.com/wiki/应用心理学/3872.html]
[C:/My Websites/职业百科/www.careerplanwiki.com/wiki/海洋科学/3873.html]
[C:/My Websites/职业百科/www.careerplanwiki.com/wiki/海洋技术/3874.html]
[C:/My Websites/职业百科/www.careerplanwiki.com/wiki/海洋资源与环境/3875.html]
[C:/My Websites/职业百科/www.careerplanwiki.com/wiki/军事海洋学/3876.html]
[C:/My Websites/职业百科/www.careerplanwiki.com/wiki/化学/3877.html]
[C:/My Websites/职业百科/www.careerplanwiki.com/wiki/应用化学/3878.html]
[C:/My Websites/职业百科/www.careerplanwiki.com/wiki/化学生物学/3879.html]
[C:/My Websites/职业百科/www.careerplanwiki.com/wiki/分子科学与工程/3880.html]
[C:/My Websites/职业百科/www.careerplanwiki.com/wiki/能源化学/6665.html]
[C:/My Websites/职业百科/www.careerplanwiki.com/wiki/化学测量学与技术/6574.html]
[C:/My Websites/职业百科/www.careerplanwiki.com/wiki/生物科学/3881.html]
[C:/My Websites/职业百科/www.careerplanwiki.com/wiki/生物技术/3882.html]
[C:/My Websites/职业百科/www.careerplanwiki.com/wiki/生物信息学/3883.html]
[C:/My Websites/职业百科/www.careerplanwiki.com/wiki/生态学/3884.html]
[C:/My Websites/职业百科/www.careerplanwiki.com/wiki/整合科学/6662.html]
[C:/My Websites/职业百科/www.careerplanwiki.com/wiki/神经科学/6661.html]
[C:/My Websites/职业百科/www.careerplanwiki.com/wiki/数学与应用数学/3885.html]
[C:/My Websites/职业百科/www.careerplanwiki.com/wiki/信息与计算科学/3886.html]
[C:/My Websites/职业百科/www.careerplanwiki.com/wiki/数理基础科学/3887.html]
[C:/My Websites/职业百科/www.careerplanwiki.com/wiki/数据计算及应用/6668.html]
[C:/My Websites/职业百科/www.careerplanwiki.com/wiki/大气科学/3888.html]
[C:/My Websites/职业百科/www.careerplanwiki.com/wiki/应用气象学/3889.html]
[C:/My Websites/职业百科/www.careerplanwiki.com/wiki/气象技术与工程/6047.html]
[C:/My Websites/职业百科/www.careerplanwiki.com/wiki/天文学/3890.html]
[C:/My Websites/职业百科/www.careerplanwiki.com/wiki/地理科学/3894.html]
[C:/My Websites/职业百科/www.careerplanwiki.com/wiki/自然地理与资源环境/3891.html]
[C:/My Websites/职业百科/www.careerplanwiki.com/wiki/人文地理与城乡规划/3892.html]
[C:/My Websites/职业百科/www.careerplanwiki.com/wiki/地理信息科学/3893.html]
[C:/My Websites/职业百科/www.careerplanwiki.com/wiki/统计学/3895.html]
[C:/My Websites/职业百科/www.careerplanwiki.com/wiki/应用统计学/3896.html]
[C:/My Websites/职业百科/www.careerplanwiki.com/wiki/地球物理学/3897.html]
[C:/My Websites/职业百科/www.careerplanwiki.com/wiki/空间科学与技术/3898.html]
[C:/My Websites/职业百科/www.careerplanwiki.com/wiki/防灾减灾科学与工程/6664.html]
[C:/My Websites/职业百科/www.careerplanwiki.com/wiki/行星科学/6575.html]
[C:/My Websites/职业百科/www.careerplanwiki.com/wiki/地质学/3899.html]
[C:/My Websites/职业百科/www.careerplanwiki.com/wiki/地球化学/3900.html]
[C:/My Websites/职业百科/www.careerplanwiki.com/wiki/地球信息科学与技术/3901.html]
[C:/My Websites/职业百科/www.careerplanwiki.com/wiki/古生物学/3902.html]
[C:/My Websites/职业百科/www.careerplanwiki.com/wiki/采矿工程/3903.html]
[C:/My Websites/职业百科/www.careerplanwiki.com/wiki/石油工程/3904.html]
[C:/My Websites/职业百科/www.careerplanwiki.com/wiki/矿物加工工程/3905.html]
[C:/My Websites/职业百科/www.careerplanwiki.com/wiki/油气储运工程/3906.html]
[C:/My Websites/职业百科/www.careerplanwiki.com/wiki/矿物资源工程/3907.html]
[C:/My Websites/职业百科/www.careerplanwiki.com/wiki/海洋油气工程/3908.html]
[C:/My Websites/职业百科/www.careerplanwiki.com/wiki/智能采矿工程/6594.html]
[C:/My Websites/职业百科/www.careerplanwiki.com/wiki/碳储科学与工程/6595.html]
[C:/My Websites/职业百科/www.careerplanwiki.com/wiki/理论与应用力学/3909.html]
[C:/My Websites/职业百科/www.careerplanwiki.com/wiki/工程力学/3910.html]
[C:/My Websites/职业百科/www.careerplanwiki.com/wiki/电子信息工程/3924.html]
[C:/My Websites/职业百科/www.careerplanwiki.com/wiki/电子科学与技术/3925.html]
[C:/My Websites/职业百科/www.careerplanwiki.com/wiki/通信工程/3926.html]
[C:/My Websites/职业百科/www.careerplanwiki.com/wiki/微电子科学与工程/3911.html]
[C:/My Websites/职业百科/www.careerplanwiki.com/wiki/光电信息科学与工程/3912.html]
[C:/My Websites/职业百科/www.careerplanwiki.com/wiki/信息工程/3913.html]
[C:/My Websites/职业百科/www.careerplanwiki.com/wiki/广播电视工程/3914.html]
[C:/My Websites/职业百科/www.careerplanwiki.com/wiki/水声工程/3915.html]
[C:/My Websites/职业百科/www.careerplanwiki.com/wiki/电子封装技术/3916.html]
[C:/My Websites/职业百科/www.careerplanwiki.com/wiki/集成电路设计与集成系统/3917.html]
[C:/My Websites/职业百科/www.careerplanwiki.com/wiki/医学信息工程/3918.html]
[C:/My Websites/职业百科/www.careerplanwiki.com/wiki/电磁场与无线技术/3919.html]
[C:/My Websites/职业百科/www.careerplanwiki.com/wiki/电波传播与天线/3920.html]
[C:/My Websites/职业百科/www.careerplanwiki.com/wiki/电子信息科学与技术/3921.html]
[C:/My Websites/职业百科/www.careerplanwiki.com/wiki/电信工程及管理/3922.html]
[C:/My Websites/职业百科/www.careerplanwiki.com/wiki/应用电子技术教育/3923.html]
[C:/My Websites/职业百科/www.careerplanwiki.com/wiki/人工智能/6633.html]
[C:/My Websites/职业百科/www.careerplanwiki.com/wiki/海洋信息工程/6772.html]
[C:/My Websites/职业百科/www.careerplanwiki.com/wiki/柔性电子学/6585.html]
[C:/My Websites/职业百科/www.careerplanwiki.com/wiki/智能测控工程/6586.html]
[C:/My Websites/职业百科/www.careerplanwiki.com/wiki/森林工程/3927.html]
[C:/My Websites/职业百科/www.careerplanwiki.com/wiki/木材科学与工程/3928.html]
[C:/My Websites/职业百科/www.careerplanwiki.com/wiki/林产化工/3929.html]
[C:/My Websites/职业百科/www.careerplanwiki.com/wiki/家具设计与工程/6656.html]
[C:/My Websites/职业百科/www.careerplanwiki.com/wiki/木结构建筑与材料/6602.html]
[C:/My Websites/职业百科/www.careerplanwiki.com/wiki/纺织工程/3930.html]
[C:/My Websites/职业百科/www.careerplanwiki.com/wiki/服装设计与工程/3931.html]
[C:/My Websites/职业百科/www.careerplanwiki.com/wiki/非织造材料与工程/3932.html]
[C:/My Websites/职业百科/www.careerplanwiki.com/wiki/服装设计与工艺教育/3933.html]
[C:/My Websites/职业百科/www.careerplanwiki.com/wiki/丝绸设计与工程/6713.html]
[C:/My Websites/职业百科/www.careerplanwiki.com/wiki/测控技术与仪器/3934.html]
[C:/My Websites/职业百科/www.careerplanwiki.com/wiki/精密仪器/6652.html]
[C:/My Websites/职业百科/www.careerplanwiki.com/wiki/智能感知工程/6650.html]
[C:/My Websites/职业百科/www.careerplanwiki.com/wiki/刑事科学技术/3941.html]
[C:/My Websites/职业百科/www.careerplanwiki.com/wiki/消防工程/3942.html]
[C:/My Websites/职业百科/www.careerplanwiki.com/wiki/交通管理工程/3943.html]
[C:/My Websites/职业百科/www.careerplanwiki.com/wiki/安全防范工程/3935.html]
[C:/My Websites/职业百科/www.careerplanwiki.com/wiki/公安视听技术/3936.html]
[C:/My Websites/职业百科/www.careerplanwiki.com/wiki/抢险救援指挥与技术/3937.html]
[C:/My Websites/职业百科/www.careerplanwiki.com/wiki/火灾勘查/3938.html]
[C:/My Websites/职业百科/www.careerplanwiki.com/wiki/网络安全与执法/3939.html]
[C:/My Websites/职业百科/www.careerplanwiki.com/wiki/核生化消防/3940.html]
[C:/My Websites/职业百科/www.careerplanwiki.com/wiki/海警舰艇指挥与技术/6694.html]
[C:/My Websites/职业百科/www.careerplanwiki.com/wiki/数据警务技术/6698.html]
[C:/My Websites/职业百科/www.careerplanwiki.com/wiki/食品药品环境犯罪侦查技术/6603.html]
[C:/My Websites/职业百科/www.careerplanwiki.com/wiki/能源与动力工程/3944.html]
[C:/My Websites/职业百科/www.careerplanwiki.com/wiki/能源与环境系统工程/3945.html]
[C:/My Websites/职业百科/www.careerplanwiki.com/wiki/新能源科学与工程/3946.html]
[C:/My Websites/职业百科/www.careerplanwiki.com/wiki/储能科学与工程/6641.html]
[C:/My Websites/职业百科/www.careerplanwiki.com/wiki/能源服务工程/6580.html]
[C:/My Websites/职业百科/www.careerplanwiki.com/wiki/氢能科学与工程/6581.html]
[C:/My Websites/职业百科/www.careerplanwiki.com/wiki/可持续能源/6582.html]
[C:/My Websites/职业百科/www.careerplanwiki.com/wiki/农业工程/3949.html]
[C:/My Websites/职业百科/www.careerplanwiki.com/wiki/农业机械化及其自动化/3950.html]
[C:/My Websites/职业百科/www.careerplanwiki.com/wiki/农业电气化/3951.html]
[C:/My Websites/职业百科/www.careerplanwiki.com/wiki/农业建筑环境与能源工程/3947.html]
[C:/My Websites/职业百科/www.careerplanwiki.com/wiki/农业水利工程/3948.html]
[C:/My Websites/职业百科/www.careerplanwiki.com/wiki/土地整治工程/6651.html]
[C:/My Websites/职业百科/www.careerplanwiki.com/wiki/农业智能装备工程/6653.html]
[C:/My Websites/职业百科/www.careerplanwiki.com/wiki/轻化工程/3952.html]
[C:/My Websites/职业百科/www.careerplanwiki.com/wiki/包装工程/3953.html]
[C:/My Websites/职业百科/www.careerplanwiki.com/wiki/印刷工程/3954.html]
[C:/My Websites/职业百科/www.careerplanwiki.com/wiki/香料香精技术与工程/6711.html]
[C:/My Websites/职业百科/www.careerplanwiki.com/wiki/化妆品技术与工程/6707.html]
[C:/My Websites/职业百科/www.careerplanwiki.com/wiki/生物质能源与材料/6596.html]
[C:/My Websites/职业百科/www.careerplanwiki.com/wiki/船舶与海洋工程/3955.html]
[C:/My Websites/职业百科/www.careerplanwiki.com/wiki/海洋工程与技术/3956.html]
[C:/My Websites/职业百科/www.careerplanwiki.com/wiki/海洋资源开发技术/3957.html]
[C:/My Websites/职业百科/www.careerplanwiki.com/wiki/海洋机器人/6699.html]
[C:/My Websites/职业百科/www.careerplanwiki.com/wiki/智慧海洋技术/6599.html]
[C:/My Websites/职业百科/www.careerplanwiki.com/wiki/航空航天工程/3958.html]
[C:/My Websites/职业百科/www.careerplanwiki.com/wiki/飞行器设计与工程/3959.html]
[C:/My Websites/职业百科/www.careerplanwiki.com/wiki/飞行器制造工程/3960.html]
[C:/My Websites/职业百科/www.careerplanwiki.com/wiki/飞行器动力工程/3961.html]
[C:/My Websites/职业百科/www.careerplanwiki.com/wiki/飞行器环境与生命保障工程/3962.html]
[C:/My Websites/职业百科/www.careerplanwiki.com/wiki/飞行器质量与可靠性/3963.html]
[C:/My Websites/职业百科/www.careerplanwiki.com/wiki/飞行器适航技术/3964.html]
[C:/My Websites/职业百科/www.careerplanwiki.com/wiki/飞行器控制与信息工程/6647.html]
[C:/My Websites/职业百科/www.careerplanwiki.com/wiki/无人驾驶航空器系统工程/6648.html]
[C:/My Websites/职业百科/www.careerplanwiki.com/wiki/智能飞行器技术/6600.html]
[C:/My Websites/职业百科/www.careerplanwiki.com/wiki/空天智能电推进技术/6601.html]
[C:/My Websites/职业百科/www.careerplanwiki.com/wiki/自动化/3965.html]
[C:/My Websites/职业百科/www.careerplanwiki.com/wiki/轨道交通信号与控制/3966.html]
[C:/My Websites/职业百科/www.careerplanwiki.com/wiki/机器人工程/6770.html]
[C:/My Websites/职业百科/www.careerplanwiki.com/wiki/邮政工程/6768.html]
[C:/My Websites/职业百科/www.careerplanwiki.com/wiki/核电技术与控制工程/6766.html]
[C:/My Websites/职业百科/www.careerplanwiki.com/wiki/智能装备与系统/6764.html]
[C:/My Websites/职业百科/www.careerplanwiki.com/wiki/工业智能/6759.html]
[C:/My Websites/职业百科/www.careerplanwiki.com/wiki/智能工程与创意设计/6587.html]
[C:/My Websites/职业百科/www.careerplanwiki.com/wiki/核工程与核技术/3967.html]
[C:/My Websites/职业百科/www.careerplanwiki.com/wiki/辐射防护与核安全/3968.html]
[C:/My Websites/职业百科/www.careerplanwiki.com/wiki/工程物理/3969.html]
[C:/My Websites/职业百科/www.careerplanwiki.com/wiki/核化工与核燃料工程/3970.html]
[C:/My Websites/职业百科/www.careerplanwiki.com/wiki/化学工程与工艺/3971.html]
[C:/My Websites/职业百科/www.careerplanwiki.com/wiki/制药工程/3972.html]
[C:/My Websites/职业百科/www.careerplanwiki.com/wiki/资源循环科学与工程/3973.html]
[C:/My Websites/职业百科/www.careerplanwiki.com/wiki/能源化学工程/3974.html]
[C:/My Websites/职业百科/www.careerplanwiki.com/wiki/化学工程与工业生物工程/3975.html]
[C:/My Websites/职业百科/www.careerplanwiki.com/wiki/化工安全工程/6722.html]
[C:/My Websites/职业百科/www.careerplanwiki.com/wiki/涂料工程/6719.html]
[C:/My Websites/职业百科/www.careerplanwiki.com/wiki/精细化工/6717.html]
[C:/My Websites/职业百科/www.careerplanwiki.com/wiki/生物工程/3976.html]
[C:/My Websites/职业百科/www.careerplanwiki.com/wiki/生物制药/3977.html]
[C:/My Websites/职业百科/www.careerplanwiki.com/wiki/合成生物学/6690.html]
[C:/My Websites/职业百科/www.careerplanwiki.com/wiki/安全工程/3978.html]
[C:/My Websites/职业百科/www.careerplanwiki.com/wiki/应急技术与管理/6685.html]
[C:/My Websites/职业百科/www.careerplanwiki.com/wiki/职业卫生工程/6688.html]
[C:/My Websites/职业百科/www.careerplanwiki.com/wiki/环境科学与工程/3979.html]
[C:/My Websites/职业百科/www.careerplanwiki.com/wiki/环境工程/3980.html]
[C:/My Websites/职业百科/www.careerplanwiki.com/wiki/环境科学/3981.html]
[C:/My Websites/职业百科/www.careerplanwiki.com/wiki/环境生态工程/3982.html]
[C:/My Websites/职业百科/www.careerplanwiki.com/wiki/环保设备工程/3983.html]
[C:/My Websites/职业百科/www.careerplanwiki.com/wiki/资源环境科学/3984.html]
[C:/My Websites/职业百科/www.careerplanwiki.com/wiki/水质科学与技术/3985.html]
[C:/My Websites/职业百科/www.careerplanwiki.com/wiki/生物医学工程/3986.html]
[C:/My Websites/职业百科/www.careerplanwiki.com/wiki/假肢矫形工程/3987.html]
[C:/My Websites/职业百科/www.careerplanwiki.com/wiki/临床工程技术/6658.html]
[C:/My Websites/职业百科/www.careerplanwiki.com/wiki/康复工程/6660.html]
[C:/My Websites/职业百科/www.careerplanwiki.com/wiki/武器系统与工程/3988.html]
[C:/My Websites/职业百科/www.careerplanwiki.com/wiki/武器发射工程/3989.html]
[C:/My Websites/职业百科/www.careerplanwiki.com/wiki/探测制导与控制技术/3990.html]
[C:/My Websites/职业百科/www.careerplanwiki.com/wiki/弹药工程与爆炸技术/3991.html]
[C:/My Websites/职业百科/www.careerplanwiki.com/wiki/特种能源技术与工程/3992.html]
[C:/My Websites/职业百科/www.careerplanwiki.com/wiki/装甲车辆工程/3993.html]
[C:/My Websites/职业百科/www.careerplanwiki.com/wiki/信息对抗技术/3994.html]
[C:/My Websites/职业百科/www.careerplanwiki.com/wiki/智能无人系统技术/6649.html]
[C:/My Websites/职业百科/www.careerplanwiki.com/wiki/机械工程/4002.html]
[C:/My Websites/职业百科/www.careerplanwiki.com/wiki/机械设计制造及其自动化/4003.html]
[C:/My Websites/职业百科/www.careerplanwiki.com/wiki/材料成型及控制工程/4004.html]
[C:/My Websites/职业百科/www.careerplanwiki.com/wiki/机械电子工程/4005.html]
[C:/My Websites/职业百科/www.careerplanwiki.com/wiki/工业设计/4006.html]
[C:/My Websites/职业百科/www.careerplanwiki.com/wiki/过程装备与控制工程/3995.html]
[C:/My Websites/职业百科/www.careerplanwiki.com/wiki/车辆工程/3996.html]
[C:/My Websites/职业百科/www.careerplanwiki.com/wiki/汽车服务工程/3997.html]
[C:/My Websites/职业百科/www.careerplanwiki.com/wiki/机械工艺技术/3998.html]
[C:/My Websites/职业百科/www.careerplanwiki.com/wiki/微机电系统工程/3999.html]
[C:/My Websites/职业百科/www.careerplanwiki.com/wiki/机电技术教育/4000.html]
[C:/My Websites/职业百科/www.careerplanwiki.com/wiki/汽车维修工程教育/4001.html]
[C:/My Websites/职业百科/www.careerplanwiki.com/wiki/智能制造工程/6659.html]
[C:/My Websites/职业百科/www.careerplanwiki.com/wiki/智能车辆工程/6657.html]
[C:/My Websites/职业百科/www.careerplanwiki.com/wiki/仿生科学与工程/6655.html]
[C:/My Websites/职业百科/www.careerplanwiki.com/wiki/新能源汽车工程/6654.html]
[C:/My Websites/职业百科/www.careerplanwiki.com/wiki/增材制造工程/6576.html]
[C:/My Websites/职业百科/www.careerplanwiki.com/wiki/智能交互设计/6577.html]
[C:/My Websites/职业百科/www.careerplanwiki.com/wiki/应急装备技术与工程/6578.html]
[C:/My Websites/职业百科/www.careerplanwiki.com/wiki/食品科学与工程/4007.html]
[C:/My Websites/职业百科/www.careerplanwiki.com/wiki/食品质量与安全/4008.html]
[C:/My Websites/职业百科/www.careerplanwiki.com/wiki/粮食工程/4009.html]
[C:/My Websites/职业百科/www.careerplanwiki.com/wiki/乳品工程/4010.html]
[C:/My Websites/职业百科/www.careerplanwiki.com/wiki/酿酒工程/4011.html]
[C:/My Websites/职业百科/www.careerplanwiki.com/wiki/葡萄与葡萄酒工程/4012.html]
[C:/My Websites/职业百科/www.careerplanwiki.com/wiki/食品营养与检验教育/4013.html]
[C:/My Websites/职业百科/www.careerplanwiki.com/wiki/烹饪与营养教育/4014.html]
[C:/My Websites/职业百科/www.careerplanwiki.com/wiki/食品安全与检测/6663.html]
[C:/My Websites/职业百科/www.careerplanwiki.com/wiki/食品营养与健康/6667.html]
[C:/My Websites/职业百科/www.careerplanwiki.com/wiki/食用菌科学与工程/6670.html]
[C:/My Websites/职业百科/www.careerplanwiki.com/wiki/白酒酿造工程/6673.html]
[C:/My Websites/职业百科/www.careerplanwiki.com/wiki/材料科学与工程/4015.html]
[C:/My Websites/职业百科/www.careerplanwiki.com/wiki/材料物理/4016.html]
[C:/My Websites/职业百科/www.careerplanwiki.com/wiki/材料化学/4017.html]
[C:/My Websites/职业百科/www.careerplanwiki.com/wiki/冶金工程/4018.html]
[C:/My Websites/职业百科/www.careerplanwiki.com/wiki/金属材料工程/4019.html]
[C:/My Websites/职业百科/www.careerplanwiki.com/wiki/无机非金属材料工程/4020.html]
[C:/My Websites/职业百科/www.careerplanwiki.com/wiki/高分子材料与工程/4021.html]
[C:/My Websites/职业百科/www.careerplanwiki.com/wiki/复合材料与工程/4022.html]
[C:/My Websites/职业百科/www.careerplanwiki.com/wiki/粉体材料科学与工程/4023.html]
[C:/My Websites/职业百科/www.careerplanwiki.com/wiki/宝石及材料工艺学/4024.html]
[C:/My Websites/职业百科/www.careerplanwiki.com/wiki/焊接技术与工程/4025.html]
[C:/My Websites/职业百科/www.careerplanwiki.com/wiki/功能材料/4026.html]
[C:/My Websites/职业百科/www.careerplanwiki.com/wiki/纳米材料与技术/4027.html]
[C:/My Websites/职业百科/www.careerplanwiki.com/wiki/新能源材料与器件/4028.html]
[C:/My Websites/职业百科/www.careerplanwiki.com/wiki/材料设计科学与工程/6646.html]
[C:/My Websites/职业百科/www.careerplanwiki.com/wiki/复合材料成型工程/6645.html]
[C:/My Websites/职业百科/www.careerplanwiki.com/wiki/智能材料与结构/6643.html]
[C:/My Websites/职业百科/www.careerplanwiki.com/wiki/光电信息材料与器件/6579.html]
[C:/My Websites/职业百科/www.careerplanwiki.com/wiki/计算机科学与技术/4029.html]
[C:/My Websites/职业百科/www.careerplanwiki.com/wiki/软件工程/4030.html]
[C:/My Websites/职业百科/www.careerplanwiki.com/wiki/网络工程/4031.html]
[C:/My Websites/职业百科/www.careerplanwiki.com/wiki/信息安全/4032.html]
[C:/My Websites/职业百科/www.careerplanwiki.com/wiki/物联网工程/4033.html]
[C:/My Websites/职业百科/www.careerplanwiki.com/wiki/数字媒体技术/4034.html]
[C:/My Websites/职业百科/www.careerplanwiki.com/wiki/智能科学与技术/4035.html]
[C:/My Websites/职业百科/www.careerplanwiki.com/wiki/空间信息与数字技术/4036.html]
[C:/My Websites/职业百科/www.careerplanwiki.com/wiki/电子与计算机工程/4037.html]
[C:/My Websites/职业百科/www.careerplanwiki.com/wiki/数据科学与大数据技术/6757.html]
[C:/My Websites/职业百科/www.careerplanwiki.com/wiki/网络空间安全/6549.html]
[C:/My Websites/职业百科/www.careerplanwiki.com/wiki/新媒体技术/6754.html]
[C:/My Websites/职业百科/www.careerplanwiki.com/wiki/电影制作/6751.html]
[C:/My Websites/职业百科/www.careerplanwiki.com/wiki/保密技术/6748.html]
[C:/My Websites/职业百科/www.careerplanwiki.com/wiki/服务科学与工程/6746.html]
[C:/My Websites/职业百科/www.careerplanwiki.com/wiki/虚拟现实技术/6742.html]
[C:/My Websites/职业百科/www.careerplanwiki.com/wiki/区块链工程/6739.html]
[C:/My Websites/职业百科/www.careerplanwiki.com/wiki/密码科学与技术/6588.html]
[C:/My Websites/职业百科/www.careerplanwiki.com/wiki/建筑学/4038.html]
[C:/My Websites/职业百科/www.careerplanwiki.com/wiki/城乡规划/4039.html]
[C:/My Websites/职业百科/www.careerplanwiki.com/wiki/风景园林/4040.html]
[C:/My Websites/职业百科/www.careerplanwiki.com/wiki/历史建筑保护工程/4041.html]
[C:/My Websites/职业百科/www.careerplanwiki.com/wiki/人居环境科学与技术/6676.html]
[C:/My Websites/职业百科/www.careerplanwiki.com/wiki/城市设计/6679.html]
[C:/My Websites/职业百科/www.careerplanwiki.com/wiki/智慧建筑与建造/6681.html]
[C:/My Websites/职业百科/www.careerplanwiki.com/wiki/水利水电工程/4042.html]
[C:/My Websites/职业百科/www.careerplanwiki.com/wiki/水文与水资源工程/4043.html]
[C:/My Websites/职业百科/www.careerplanwiki.com/wiki/港口航道与海岸工程/4044.html]
[C:/My Websites/职业百科/www.careerplanwiki.com/wiki/水务工程/4045.html]
[C:/My Websites/职业百科/www.careerplanwiki.com/wiki/水利科学与工程/6726.html]
[C:/My Websites/职业百科/www.careerplanwiki.com/wiki/智慧水利/6591.html]
[C:/My Websites/职业百科/www.careerplanwiki.com/wiki/测绘工程/4046.html]
[C:/My Websites/职业百科/www.careerplanwiki.com/wiki/遥感科学与技术/4047.html]
[C:/My Websites/职业百科/www.careerplanwiki.com/wiki/导航工程/4048.html]
[C:/My Websites/职业百科/www.careerplanwiki.com/wiki/地理国情监测/4049.html]
[C:/My Websites/职业百科/www.careerplanwiki.com/wiki/地理空间信息工程/6724.html]
[C:/My Websites/职业百科/www.careerplanwiki.com/wiki/交通运输/4056.html]
[C:/My Websites/职业百科/www.careerplanwiki.com/wiki/交通工程/4057.html]
[C:/My Websites/职业百科/www.careerplanwiki.com/wiki/航海技术/4050.html]
[C:/My Websites/职业百科/www.careerplanwiki.com/wiki/轮机工程/4051.html]
[C:/My Websites/职业百科/www.careerplanwiki.com/wiki/飞行技术/4052.html]
[C:/My Websites/职业百科/www.careerplanwiki.com/wiki/交通设备与控制工程/4053.html]
[C:/My Websites/职业百科/www.careerplanwiki.com/wiki/救助与打捞工程/4054.html]
[C:/My Websites/职业百科/www.careerplanwiki.com/wiki/船舶电子电气工程/4055.html]
[C:/My Websites/职业百科/www.careerplanwiki.com/wiki/轨道交通电气与控制/6704.html]
[C:/My Websites/职业百科/www.careerplanwiki.com/wiki/邮轮工程与管理/6701.html]
[C:/My Websites/职业百科/www.careerplanwiki.com/wiki/智慧交通/6597.html]
[C:/My Websites/职业百科/www.careerplanwiki.com/wiki/智能运输工程/6598.html]
[C:/My Websites/职业百科/www.careerplanwiki.com/wiki/地质工程/4058.html]
[C:/My Websites/职业百科/www.careerplanwiki.com/wiki/勘查技术与工程/4059.html]
[C:/My Websites/职业百科/www.careerplanwiki.com/wiki/资源勘查工程/4060.html]
[C:/My Websites/职业百科/www.careerplanwiki.com/wiki/地下水科学与工程/4061.html]
[C:/My Websites/职业百科/www.careerplanwiki.com/wiki/旅游地学与规划工程/6715.html]
[C:/My Websites/职业百科/www.careerplanwiki.com/wiki/智能地球探测/6592.html]
[C:/My Websites/职业百科/www.careerplanwiki.com/wiki/资源环境大数据工程/6593.html]
[C:/My Websites/职业百科/www.careerplanwiki.com/wiki/土木工程/4062.html]
[C:/My Websites/职业百科/www.careerplanwiki.com/wiki/建筑环境与能源应用工程/4063.html]
[C:/My Websites/职业百科/www.careerplanwiki.com/wiki/给排水科学与工程/4064.html]
[C:/My Websites/职业百科/www.careerplanwiki.com/wiki/建筑电气与智能化/4065.html]
[C:/My Websites/职业百科/www.careerplanwiki.com/wiki/城市地下空间工程/4066.html]
[C:/My Websites/职业百科/www.careerplanwiki.com/wiki/道路桥梁与渡河工程/4067.html]
[C:/My Websites/职业百科/www.careerplanwiki.com/wiki/铁道工程/6736.html]
[C:/My Websites/职业百科/www.careerplanwiki.com/wiki/智能建造/6734.html]
[C:/My Websites/职业百科/www.careerplanwiki.com/wiki/土木、水利与海洋工程/6731.html]
[C:/My Websites/职业百科/www.careerplanwiki.com/wiki/土木、水利与交通工程/6730.html]
[C:/My Websites/职业百科/www.careerplanwiki.com/wiki/城市水系统工程/6589.html]
[C:/My Websites/职业百科/www.careerplanwiki.com/wiki/智能建造与智慧交通/6590.html]
[C:/My Websites/职业百科/www.careerplanwiki.com/wiki/电气工程及其自动化/4068.html]
[C:/My Websites/职业百科/www.careerplanwiki.com/wiki/智能电网信息工程/4069.html]
[C:/My Websites/职业百科/www.careerplanwiki.com/wiki/光源与照明/4070.html]
[C:/My Websites/职业百科/www.careerplanwiki.com/wiki/电气工程与智能控制/4071.html]
[C:/My Websites/职业百科/www.careerplanwiki.com/wiki/电机电器智能化/6640.html]
[C:/My Websites/职业百科/www.careerplanwiki.com/wiki/电缆工程/6638.html]
[C:/My Websites/职业百科/www.careerplanwiki.com/wiki/能源互联网工程/6583.html]
[C:/My Websites/职业百科/www.careerplanwiki.com/wiki/智慧能源工程/6584.html]
[C:/My Websites/职业百科/www.careerplanwiki.com/wiki/动物科学/4072.html]
[C:/My Websites/职业百科/www.careerplanwiki.com/wiki/蚕学/4073.html]
[C:/My Websites/职业百科/www.careerplanwiki.com/wiki/蜂学/4074.html]
[C:/My Websites/职业百科/www.careerplanwiki.com/wiki/经济动物学/6728.html]
[C:/My Websites/职业百科/www.careerplanwiki.com/wiki/马业科学/6733.html]
[C:/My Websites/职业百科/www.careerplanwiki.com/wiki/饲料工程/6609.html]
[C:/My Websites/职业百科/www.careerplanwiki.com/wiki/智慧牧业科学与工程/6608.html]
[C:/My Websites/职业百科/www.careerplanwiki.com/wiki/林学/4075.html]
[C:/My Websites/职业百科/www.careerplanwiki.com/wiki/园林/4076.html]
[C:/My Websites/职业百科/www.careerplanwiki.com/wiki/森林保护/4077.html]
[C:/My Websites/职业百科/www.careerplanwiki.com/wiki/经济林/6807.html]
[C:/My Websites/职业百科/www.careerplanwiki.com/wiki/智慧林业/6611.html]
[C:/My Websites/职业百科/www.careerplanwiki.com/wiki/动物医学/4078.html]
[C:/My Websites/职业百科/www.careerplanwiki.com/wiki/动物药学/4079.html]
[C:/My Websites/职业百科/www.careerplanwiki.com/wiki/动植物检疫/4080.html]
[C:/My Websites/职业百科/www.careerplanwiki.com/wiki/实验动物学/6738.html]
[C:/My Websites/职业百科/www.careerplanwiki.com/wiki/中兽医学/6741.html]
[C:/My Websites/职业百科/www.careerplanwiki.com/wiki/兽医公共卫生/6610.html]
[C:/My Websites/职业百科/www.careerplanwiki.com/wiki/农学/4081.html]
[C:/My Websites/职业百科/www.careerplanwiki.com/wiki/园艺/4082.html]
[C:/My Websites/职业百科/www.careerplanwiki.com/wiki/植物保护/4083.html]
[C:/My Websites/职业百科/www.careerplanwiki.com/wiki/植物科学与技术/4084.html]
[C:/My Websites/职业百科/www.careerplanwiki.com/wiki/种子科学与工程/4085.html]
[C:/My Websites/职业百科/www.careerplanwiki.com/wiki/设施农业科学与工程/4086.html]
[C:/My Websites/职业百科/www.careerplanwiki.com/wiki/茶学/4087.html]
[C:/My Websites/职业百科/www.careerplanwiki.com/wiki/烟草/4088.html]
[C:/My Websites/职业百科/www.careerplanwiki.com/wiki/应用生物科学/4089.html]
[C:/My Websites/职业百科/www.careerplanwiki.com/wiki/农艺教育/4090.html]
[C:/My Websites/职业百科/www.careerplanwiki.com/wiki/园艺教育/4091.html]
[C:/My Websites/职业百科/www.careerplanwiki.com/wiki/智慧农业/6702.html]
[C:/My Websites/职业百科/www.careerplanwiki.com/wiki/菌物科学与工程/6706.html]
[C:/My Websites/职业百科/www.careerplanwiki.com/wiki/农药化肥/6710.html]
[C:/My Websites/职业百科/www.careerplanwiki.com/wiki/生物农药科学与工程/6604.html]
[C:/My Websites/职业百科/www.careerplanwiki.com/wiki/生物育种科学/6605.html]
[C:/My Websites/职业百科/www.careerplanwiki.com/wiki/农业资源与环境/4092.html]
[C:/My Websites/职业百科/www.careerplanwiki.com/wiki/野生动物与自然保护区管理/4093.html]
[C:/My Websites/职业百科/www.careerplanwiki.com/wiki/水土保持与荒漠化防治/4094.html]
[C:/My Websites/职业百科/www.careerplanwiki.com/wiki/生物质科学与工程/6720.html]
[C:/My Websites/职业百科/www.careerplanwiki.com/wiki/土地科学与技术/6606.html]
[C:/My Websites/职业百科/www.careerplanwiki.com/wiki/湿地保护与恢复/6607.html]
[C:/My Websites/职业百科/www.careerplanwiki.com/wiki/水产养殖学/4097.html]
[C:/My Websites/职业百科/www.careerplanwiki.com/wiki/海洋渔业科学与技术/4095.html]
[C:/My Websites/职业百科/www.careerplanwiki.com/wiki/水族科学与技术/4096.html]
[C:/My Websites/职业百科/www.careerplanwiki.com/wiki/水生动物医学/6806.html]
[C:/My Websites/职业百科/www.careerplanwiki.com/wiki/草业科学/4098.html]
[C:/My Websites/职业百科/www.careerplanwiki.com/wiki/草坪科学与工程/6805.html]
[C:/My Websites/职业百科/www.careerplanwiki.com/wiki/临床医学/4099.html]
[C:/My Websites/职业百科/www.careerplanwiki.com/wiki/麻醉学/4100.html]
[C:/My Websites/职业百科/www.careerplanwiki.com/wiki/医学影像学/4101.html]
[C:/My Websites/职业百科/www.careerplanwiki.com/wiki/眼视光医学/4102.html]
[C:/My Websites/职业百科/www.careerplanwiki.com/wiki/精神医学/4103.html]
[C:/My Websites/职业百科/www.careerplanwiki.com/wiki/放射医学/4104.html]
[C:/My Websites/职业百科/www.careerplanwiki.com/wiki/儿科学/6802.html]
[C:/My Websites/职业百科/www.careerplanwiki.com/wiki/药学/4105.html]
[C:/My Websites/职业百科/www.careerplanwiki.com/wiki/药物制剂/4106.html]
[C:/My Websites/职业百科/www.careerplanwiki.com/wiki/临床药学/4107.html]
[C:/My Websites/职业百科/www.careerplanwiki.com/wiki/药事管理/4108.html]
[C:/My Websites/职业百科/www.careerplanwiki.com/wiki/药物分析/4109.html]
[C:/My Websites/职业百科/www.careerplanwiki.com/wiki/药物化学/4110.html]
[C:/My Websites/职业百科/www.careerplanwiki.com/wiki/海洋药学/4111.html]
[C:/My Websites/职业百科/www.careerplanwiki.com/wiki/化妆品科学与技术/6795.html]
[C:/My Websites/职业百科/www.careerplanwiki.com/wiki/法医学/4112.html]
[C:/My Websites/职业百科/www.careerplanwiki.com/wiki/医学检验技术/4113.html]
[C:/My Websites/职业百科/www.careerplanwiki.com/wiki/医学实验技术/4120.html]
[C:/My Websites/职业百科/www.careerplanwiki.com/wiki/医学影像技术/4114.html]
[C:/My Websites/职业百科/www.careerplanwiki.com/wiki/眼视光学/4115.html]
[C:/My Websites/职业百科/www.careerplanwiki.com/wiki/康复治疗学/4116.html]
[C:/My Websites/职业百科/www.careerplanwiki.com/wiki/口腔医学技术/4117.html]
[C:/My Websites/职业百科/www.careerplanwiki.com/wiki/卫生检验与检疫/4118.html]
[C:/My Websites/职业百科/www.careerplanwiki.com/wiki/听力与言语康复学/4119.html]
[C:/My Websites/职业百科/www.careerplanwiki.com/wiki/康复物理治疗/6794.html]
[C:/My Websites/职业百科/www.careerplanwiki.com/wiki/康复作业治疗/6793.html]
[C:/My Websites/职业百科/www.careerplanwiki.com/wiki/智能医学工程/6696.html]
[C:/My Websites/职业百科/www.careerplanwiki.com/wiki/生物医药数据科学/6613.html]
[C:/My Websites/职业百科/www.careerplanwiki.com/wiki/智能影像工程/6614.html]
[C:/My Websites/职业百科/www.careerplanwiki.com/wiki/预防医学/4121.html]
[C:/My Websites/职业百科/www.careerplanwiki.com/wiki/食品卫生与营养学/4122.html]
[C:/My Websites/职业百科/www.careerplanwiki.com/wiki/妇幼保健医学/4123.html]
[C:/My Websites/职业百科/www.careerplanwiki.com/wiki/卫生监督/4124.html]
[C:/My Websites/职业百科/www.careerplanwiki.com/wiki/全球健康学/4125.html]
[C:/My Websites/职业百科/www.careerplanwiki.com/wiki/运动与公共健康/6612.html]
[C:/My Websites/职业百科/www.careerplanwiki.com/wiki/中西医临床医学/4126.html]
[C:/My Websites/职业百科/www.careerplanwiki.com/wiki/中药学/4132.html]
[C:/My Websites/职业百科/www.careerplanwiki.com/wiki/中药资源与开发/4127.html]
[C:/My Websites/职业百科/www.careerplanwiki.com/wiki/藏药学/4128.html]
[C:/My Websites/职业百科/www.careerplanwiki.com/wiki/蒙药学/4129.html]
[C:/My Websites/职业百科/www.careerplanwiki.com/wiki/中药制药/4130.html]
[C:/My Websites/职业百科/www.careerplanwiki.com/wiki/中草药栽培与鉴定/4131.html]
[C:/My Websites/职业百科/www.careerplanwiki.com/wiki/中医学/4133.html]
[C:/My Websites/职业百科/www.careerplanwiki.com/wiki/针灸推拿学/4134.html]
[C:/My Websites/职业百科/www.careerplanwiki.com/wiki/藏医学/4135.html]
[C:/My Websites/职业百科/www.careerplanwiki.com/wiki/蒙医学/4136.html]
[C:/My Websites/职业百科/www.careerplanwiki.com/wiki/维医学/4137.html]
[C:/My Websites/职业百科/www.careerplanwiki.com/wiki/壮医学/4138.html]
[C:/My Websites/职业百科/www.careerplanwiki.com/wiki/哈医学/4139.html]
[C:/My Websites/职业百科/www.careerplanwiki.com/wiki/傣医学/6801.html]
[C:/My Websites/职业百科/www.careerplanwiki.com/wiki/回医学/6800.html]
[C:/My Websites/职业百科/www.careerplanwiki.com/wiki/中医康复学/6799.html]
[C:/My Websites/职业百科/www.careerplanwiki.com/wiki/中医养生学/6798.html]
[C:/My Websites/职业百科/www.careerplanwiki.com/wiki/中医儿科学/6797.html]
[C:/My Websites/职业百科/www.careerplanwiki.com/wiki/中医骨伤科学/6796.html]
[C:/My Websites/职业百科/www.careerplanwiki.com/wiki/护理学/4140.html]
[C:/My Websites/职业百科/www.careerplanwiki.com/wiki/助产学/6792.html]
[C:/My Websites/职业百科/www.careerplanwiki.com/wiki/基础医学/4141.html]
[C:/My Websites/职业百科/www.careerplanwiki.com/wiki/生物医学/6804.html]
[C:/My Websites/职业百科/www.careerplanwiki.com/wiki/生物医学科学/6803.html]
[C:/My Websites/职业百科/www.careerplanwiki.com/wiki/口腔医学/4142.html]
[C:/My Websites/职业百科/www.careerplanwiki.com/wiki/电子商务/4143.html]
[C:/My Websites/职业百科/www.careerplanwiki.com/wiki/电子商务及法律/4144.html]
[C:/My Websites/职业百科/www.careerplanwiki.com/wiki/跨境电子商务/6817.html]
[C:/My Websites/职业百科/www.careerplanwiki.com/wiki/物流管理/4145.html]
[C:/My Websites/职业百科/www.careerplanwiki.com/wiki/物流工程/4146.html]
[C:/My Websites/职业百科/www.careerplanwiki.com/wiki/采购管理/4147.html]
[C:/My Websites/职业百科/www.careerplanwiki.com/wiki/供应链管理/6777.html]
[C:/My Websites/职业百科/www.careerplanwiki.com/wiki/旅游管理/4148.html]
[C:/My Websites/职业百科/www.careerplanwiki.com/wiki/酒店管理/4149.html]
[C:/My Websites/职业百科/www.careerplanwiki.com/wiki/会展经济与管理/4150.html]
[C:/My Websites/职业百科/www.careerplanwiki.com/wiki/旅游管理与服务教育/4151.html]
[C:/My Websites/职业百科/www.careerplanwiki.com/wiki/工商管理/4157.html]
[C:/My Websites/职业百科/www.careerplanwiki.com/wiki/市场营销/4158.html]
[C:/My Websites/职业百科/www.careerplanwiki.com/wiki/会计学/4159.html]
[C:/My Websites/职业百科/www.careerplanwiki.com/wiki/财务管理/4160.html]
[C:/My Websites/职业百科/www.careerplanwiki.com/wiki/国际商务/4161.html]
[C:/My Websites/职业百科/www.careerplanwiki.com/wiki/人力资源管理/4162.html]
[C:/My Websites/职业百科/www.careerplanwiki.com/wiki/审计学/4163.html]
[C:/My Websites/职业百科/www.careerplanwiki.com/wiki/资产评估/4164.html]
[C:/My Websites/职业百科/www.careerplanwiki.com/wiki/物业管理/4165.html]
[C:/My Websites/职业百科/www.careerplanwiki.com/wiki/文化产业管理/4152.html]
[C:/My Websites/职业百科/www.careerplanwiki.com/wiki/劳动关系/4153.html]
[C:/My Websites/职业百科/www.careerplanwiki.com/wiki/体育经济与管理/4154.html]
[C:/My Websites/职业百科/www.careerplanwiki.com/wiki/财务会计教育/4155.html]
[C:/My Websites/职业百科/www.careerplanwiki.com/wiki/市场营销教育/4156.html]
[C:/My Websites/职业百科/www.careerplanwiki.com/wiki/零售业管理/6787.html]
[C:/My Websites/职业百科/www.careerplanwiki.com/wiki/创业管理/6616.html]
[C:/My Websites/职业百科/www.careerplanwiki.com/wiki/海关稽查/6617.html]
[C:/My Websites/职业百科/www.careerplanwiki.com/wiki/工业工程/4166.html]
[C:/My Websites/职业百科/www.careerplanwiki.com/wiki/标准化工程/4167.html]
[C:/My Websites/职业百科/www.careerplanwiki.com/wiki/质量管理工程/4168.html]
[C:/My Websites/职业百科/www.careerplanwiki.com/wiki/公共事业管理/4169.html]
[C:/My Websites/职业百科/www.careerplanwiki.com/wiki/行政管理/4170.html]
[C:/My Websites/职业百科/www.careerplanwiki.com/wiki/劳动与社会保障/4171.html]
[C:/My Websites/职业百科/www.careerplanwiki.com/wiki/土地资源管理/4172.html]
[C:/My Websites/职业百科/www.careerplanwiki.com/wiki/城市管理/4173.html]
[C:/My Websites/职业百科/www.careerplanwiki.com/wiki/海关管理/4174.html]
[C:/My Websites/职业百科/www.careerplanwiki.com/wiki/交通管理/4175.html]
[C:/My Websites/职业百科/www.careerplanwiki.com/wiki/海事管理/4176.html]
[C:/My Websites/职业百科/www.careerplanwiki.com/wiki/公共关系学/4177.html]
[C:/My Websites/职业百科/www.careerplanwiki.com/wiki/健康服务与管理/6786.html]
[C:/My Websites/职业百科/www.careerplanwiki.com/wiki/医疗保险/6783.html]
[C:/My Websites/职业百科/www.careerplanwiki.com/wiki/养老服务管理/6779.html]
[C:/My Websites/职业百科/www.careerplanwiki.com/wiki/海关检验检疫安全/6618.html]
[C:/My Websites/职业百科/www.careerplanwiki.com/wiki/海外安全管理/6619.html]
[C:/My Websites/职业百科/www.careerplanwiki.com/wiki/自然资源登记与管理/6620.html]
[C:/My Websites/职业百科/www.careerplanwiki.com/wiki/慈善管理/6621.html]
[C:/My Websites/职业百科/www.careerplanwiki.com/wiki/农林经济管理/4178.html]
[C:/My Websites/职业百科/www.careerplanwiki.com/wiki/农村区域发展/4179.html]
[C:/My Websites/职业百科/www.careerplanwiki.com/wiki/管理科学/4180.html]
[C:/My Websites/职业百科/www.careerplanwiki.com/wiki/信息管理与信息系统/4181.html]
[C:/My Websites/职业百科/www.careerplanwiki.com/wiki/工程管理/4182.html]
[C:/My Websites/职业百科/www.careerplanwiki.com/wiki/房地产开发与管理/4183.html]
[C:/My Websites/职业百科/www.careerplanwiki.com/wiki/工程造价/4184.html]
[C:/My Websites/职业百科/www.careerplanwiki.com/wiki/保密管理/4185.html]
[C:/My Websites/职业百科/www.careerplanwiki.com/wiki/邮政管理/6615.html]
[C:/My Websites/职业百科/www.careerplanwiki.com/wiki/大数据管理与应用/6791.html]
[C:/My Websites/职业百科/www.careerplanwiki.com/wiki/工程审计/6790.html]
[C:/My Websites/职业百科/www.careerplanwiki.com/wiki/计算金融/6789.html]
[C:/My Websites/职业百科/www.careerplanwiki.com/wiki/应急管理/6788.html]
[C:/My Websites/职业百科/www.careerplanwiki.com/wiki/图书馆学/4186.html]
[C:/My Websites/职业百科/www.careerplanwiki.com/wiki/档案学/4187.html]
[C:/My Websites/职业百科/www.careerplanwiki.com/wiki/信息资源管理/4188.html]
[C:/My Websites/职业百科/www.careerplanwiki.com/wiki/表演/4196.html]
[C:/My Websites/职业百科/www.careerplanwiki.com/wiki/戏剧学/4197.html]
[C:/My Websites/职业百科/www.careerplanwiki.com/wiki/电影学/4198.html]
[C:/My Websites/职业百科/www.careerplanwiki.com/wiki/戏剧影视文学/4199.html]
[C:/My Websites/职业百科/www.careerplanwiki.com/wiki/广播电视编导/4189.html]
[C:/My Websites/职业百科/www.careerplanwiki.com/wiki/戏剧影视导演/4190.html]
[C:/My Websites/职业百科/www.careerplanwiki.com/wiki/戏剧影视美术设计/4191.html]
[C:/My Websites/职业百科/www.careerplanwiki.com/wiki/录音艺术/4192.html]
[C:/My Websites/职业百科/www.careerplanwiki.com/wiki/播音与主持艺术/4193.html]
[C:/My Websites/职业百科/www.careerplanwiki.com/wiki/动画/4194.html]
[C:/My Websites/职业百科/www.careerplanwiki.com/wiki/影视摄影与制作/4195.html]
[C:/My Websites/职业百科/www.careerplanwiki.com/wiki/影视技术/6745.html]
[C:/My Websites/职业百科/www.careerplanwiki.com/wiki/戏剧教育/6555.html]
[C:/My Websites/职业百科/www.careerplanwiki.com/wiki/曲艺/6624.html]
[C:/My Websites/职业百科/www.careerplanwiki.com/wiki/音乐剧/6046.html]
[C:/My Websites/职业百科/www.careerplanwiki.com/wiki/美术学/4200.html]
[C:/My Websites/职业百科/www.careerplanwiki.com/wiki/绘画/4201.html]
[C:/My Websites/职业百科/www.careerplanwiki.com/wiki/雕塑/4202.html]
[C:/My Websites/职业百科/www.careerplanwiki.com/wiki/摄影/4203.html]
[C:/My Websites/职业百科/www.careerplanwiki.com/wiki/书法学/4204.html]
[C:/My Websites/职业百科/www.careerplanwiki.com/wiki/中国画/4205.html]
[C:/My Websites/职业百科/www.careerplanwiki.com/wiki/实验艺术/6556.html]
[C:/My Websites/职业百科/www.careerplanwiki.com/wiki/跨媒体艺术/6557.html]
[C:/My Websites/职业百科/www.careerplanwiki.com/wiki/文物保护与修复/6558.html]
[C:/My Websites/职业百科/www.careerplanwiki.com/wiki/漫画/6559.html]
[C:/My Websites/职业百科/www.careerplanwiki.com/wiki/纤维艺术/6045.html]
[C:/My Websites/职业百科/www.careerplanwiki.com/wiki/科技艺术/6043.html]
[C:/My Websites/职业百科/www.careerplanwiki.com/wiki/美术教育/6554.html]
[C:/My Websites/职业百科/www.careerplanwiki.com/wiki/艺术史论/4206.html]
[C:/My Websites/职业百科/www.careerplanwiki.com/wiki/艺术管理/6774.html]
[C:/My Websites/职业百科/www.careerplanwiki.com/wiki/非物质文化遗产保护/6622.html]
[C:/My Websites/职业百科/www.careerplanwiki.com/wiki/音乐表演/4207.html]
[C:/My Websites/职业百科/www.careerplanwiki.com/wiki/音乐学/4208.html]
[C:/My Websites/职业百科/www.careerplanwiki.com/wiki/作曲与作曲技术理论/4209.html]
[C:/My Websites/职业百科/www.careerplanwiki.com/wiki/舞蹈表演/4210.html]
[C:/My Websites/职业百科/www.careerplanwiki.com/wiki/舞蹈学/4211.html]
[C:/My Websites/职业百科/www.careerplanwiki.com/wiki/舞蹈编导/4212.html]
[C:/My Websites/职业百科/www.careerplanwiki.com/wiki/舞蹈教育/6771.html]
[C:/My Websites/职业百科/www.careerplanwiki.com/wiki/航空服务艺术与管理/6762.html]
[C:/My Websites/职业百科/www.careerplanwiki.com/wiki/流行音乐/6756.html]
[C:/My Websites/职业百科/www.careerplanwiki.com/wiki/音乐治疗/6752.html]
[C:/My Websites/职业百科/www.careerplanwiki.com/wiki/流行舞蹈/6749.html]
[C:/My Websites/职业百科/www.careerplanwiki.com/wiki/音乐教育/6623.html]
[C:/My Websites/职业百科/www.careerplanwiki.com/wiki/艺术设计学/4213.html]
[C:/My Websites/职业百科/www.careerplanwiki.com/wiki/视觉传达设计/4214.html]
[C:/My Websites/职业百科/www.careerplanwiki.com/wiki/环境设计/4215.html]
[C:/My Websites/职业百科/www.careerplanwiki.com/wiki/产品设计/4216.html]
[C:/My Websites/职业百科/www.careerplanwiki.com/wiki/服装与服饰设计/4217.html]
[C:/My Websites/职业百科/www.careerplanwiki.com/wiki/公共艺术/4218.html]
[C:/My Websites/职业百科/www.careerplanwiki.com/wiki/工艺美术/4219.html]
[C:/My Websites/职业百科/www.careerplanwiki.com/wiki/数字媒体艺术/4220.html]
[C:/My Websites/职业百科/www.careerplanwiki.com/wiki/艺术与科技/4221.html]
[C:/My Websites/职业百科/www.careerplanwiki.com/wiki/陶瓷艺术设计/6560.html]
[C:/My Websites/职业百科/www.careerplanwiki.com/wiki/新媒体艺术/6561.html]
[C:/My Websites/职业百科/www.careerplanwiki.com/wiki/包装设计/6562.html]
[C:/My Websites/职业百科/www.careerplanwiki.com/wiki/珠宝首饰设计与工艺/6039.html]
[C:/My Websites/职业百科/www.careerplanwiki.com/wiki/种子生产与经营/4234.html]
[C:/My Websites/职业百科/www.careerplanwiki.com/wiki/作物生产与经营管理/4233.html]
[C:/My Websites/职业百科/www.careerplanwiki.com/wiki/现代农业技术/4236.html]
[C:/My Websites/职业百科/www.careerplanwiki.com/wiki/生态农业技术/4238.html]
[C:/My Websites/职业百科/www.careerplanwiki.com/wiki/园艺技术/4239.html]
[C:/My Websites/职业百科/www.careerplanwiki.com/wiki/植物保护与检疫技术/4240.html]
[C:/My Websites/职业百科/www.careerplanwiki.com/wiki/茶叶生产与加工技术/4241.html]
[C:/My Websites/职业百科/www.careerplanwiki.com/wiki/中草药栽培与加工技术/4242.html]
[C:/My Websites/职业百科/www.careerplanwiki.com/wiki/烟草栽培与加工技术/4243.html]
[C:/My Websites/职业百科/www.careerplanwiki.com/wiki/饲草生产技术/6448.html]
[C:/My Websites/职业百科/www.careerplanwiki.com/wiki/食用菌生产与加工技术/5096.html]
[C:/My Websites/职业百科/www.careerplanwiki.com/wiki/设施农业与装备/4235.html]
[C:/My Websites/职业百科/www.careerplanwiki.com/wiki/现代农业装备应用技术/4249.html]
[C:/My Websites/职业百科/www.careerplanwiki.com/wiki/农产品加工与质量检测/4245.html]
[C:/My Websites/职业百科/www.careerplanwiki.com/wiki/绿色食品生产技术/4246.html]
[C:/My Websites/职业百科/www.careerplanwiki.com/wiki/农产品流通与管理/4248.html]
[C:/My Websites/职业百科/www.careerplanwiki.com/wiki/棉花加工与经营管理/4244.html]
[C:/My Websites/职业百科/www.careerplanwiki.com/wiki/休闲农业经营与管理/4237.html]
[C:/My Websites/职业百科/www.careerplanwiki.com/wiki/现代农业经济管理/4250.html]
[C:/My Websites/职业百科/www.careerplanwiki.com/wiki/农村新型经济组织管理/4251.html]
[C:/My Websites/职业百科/www.careerplanwiki.com/wiki/林业技术/4253.html]
[C:/My Websites/职业百科/www.careerplanwiki.com/wiki/园林技术/4254.html]
[C:/My Websites/职业百科/www.careerplanwiki.com/wiki/草业技术/4278.html]
[C:/My Websites/职业百科/www.careerplanwiki.com/wiki/花卉生产与花艺/6449.html]
[C:/My Websites/职业百科/www.careerplanwiki.com/wiki/经济林培育与利用/4256.html]
[C:/My Websites/职业百科/www.careerplanwiki.com/wiki/森林和草原资源保护/4255.html]
[C:/My Websites/职业百科/www.careerplanwiki.com/wiki/林草生态保护与修复/6450.html]
[C:/My Websites/职业百科/www.careerplanwiki.com/wiki/野生动植物资源保护与利用/4257.html]
[C:/My Websites/职业百科/www.careerplanwiki.com/wiki/自然保护地建设与管理/4261.html]
[C:/My Websites/职业百科/www.careerplanwiki.com/wiki/森林生态旅游与康养/4259.html]
[C:/My Websites/职业百科/www.careerplanwiki.com/wiki/林业信息技术应用/4264.html]
[C:/My Websites/职业百科/www.careerplanwiki.com/wiki/木业智能装备应用技术/4262.html]
[C:/My Websites/职业百科/www.careerplanwiki.com/wiki/木业产品设计与制造/4263.html]
[C:/My Websites/职业百科/www.careerplanwiki.com/wiki/动物药学/4269.html]
[C:/My Websites/职业百科/www.careerplanwiki.com/wiki/畜牧兽医/4267.html]
[C:/My Websites/职业百科/www.careerplanwiki.com/wiki/中兽医/6451.html]
[C:/My Websites/职业百科/www.careerplanwiki.com/wiki/宠物医疗技术/6452.html]
[C:/My Websites/职业百科/www.careerplanwiki.com/wiki/动物防疫与检疫/4270.html]
[C:/My Websites/职业百科/www.careerplanwiki.com/wiki/畜禽智能化养殖/4276.html]
[C:/My Websites/职业百科/www.careerplanwiki.com/wiki/特种动物养殖技术/4273.html]
[C:/My Websites/职业百科/www.careerplanwiki.com/wiki/宠物养护与驯导/4272.html]
[C:/My Websites/职业百科/www.careerplanwiki.com/wiki/动物营养与饲料/4274.html]
[C:/My Websites/职业百科/www.careerplanwiki.com/wiki/蚕桑技术/4277.html]
[C:/My Websites/职业百科/www.careerplanwiki.com/wiki/动物医学/4268.html]
[C:/My Websites/职业百科/www.careerplanwiki.com/wiki/水产养殖技术/4282.html]
[C:/My Websites/职业百科/www.careerplanwiki.com/wiki/海洋渔业技术/4283.html]
[C:/My Websites/职业百科/www.careerplanwiki.com/wiki/水族科学与技术/4284.html]
[C:/My Websites/职业百科/www.careerplanwiki.com/wiki/水生动物医学/4285.html]
[C:/My Websites/职业百科/www.careerplanwiki.com/wiki/国土资源调查与管理/4289.html]
[C:/My Websites/职业百科/www.careerplanwiki.com/wiki/地质调查与矿产普查/4290.html]
[C:/My Websites/职业百科/www.careerplanwiki.com/wiki/生态地质调查/6453.html]
[C:/My Websites/职业百科/www.careerplanwiki.com/wiki/矿产地质勘查/4291.html]
[C:/My Websites/职业百科/www.careerplanwiki.com/wiki/煤田地质勘查/4294.html]
[C:/My Websites/职业百科/www.careerplanwiki.com/wiki/岩矿分析与鉴定/4292.html]
[C:/My Websites/职业百科/www.careerplanwiki.com/wiki/宝玉石鉴定与加工/4293.html]
[C:/My Websites/职业百科/www.careerplanwiki.com/wiki/工程地质勘查/4296.html]
[C:/My Websites/职业百科/www.careerplanwiki.com/wiki/水文与工程地质/4297.html]
[C:/My Websites/职业百科/www.careerplanwiki.com/wiki/矿山地质/4299.html]
[C:/My Websites/职业百科/www.careerplanwiki.com/wiki/钻探工程技术/4298.html]
[C:/My Websites/职业百科/www.careerplanwiki.com/wiki/岩土工程技术/4303.html]
[C:/My Websites/职业百科/www.careerplanwiki.com/wiki/地球物理勘探技术/4300.html]
[C:/My Websites/职业百科/www.careerplanwiki.com/wiki/地质灾害调查与防治/4301.html]
[C:/My Websites/职业百科/www.careerplanwiki.com/wiki/环境地质工程/4302.html]
[C:/My Websites/职业百科/www.careerplanwiki.com/wiki/城市地质勘查/6454.html]
[C:/My Websites/职业百科/www.careerplanwiki.com/wiki/工程测量技术/4305.html]
[C:/My Websites/职业百科/www.careerplanwiki.com/wiki/测绘地理信息技术/4308.html]
[C:/My Websites/职业百科/www.careerplanwiki.com/wiki/摄影测量与遥感技术/4306.html]
[C:/My Websites/职业百科/www.careerplanwiki.com/wiki/地籍测绘与土地管理/4309.html]
[C:/My Websites/职业百科/www.careerplanwiki.com/wiki/国土空间规划与测绘/4315.html]
[C:/My Websites/职业百科/www.careerplanwiki.com/wiki/无人机测绘技术/6455.html]
[C:/My Websites/职业百科/www.careerplanwiki.com/wiki/矿山测量/4310.html]
[C:/My Websites/职业百科/www.careerplanwiki.com/wiki/导航与位置服务/4312.html]
[C:/My Websites/职业百科/www.careerplanwiki.com/wiki/空间数字建模与应用技术/4313.html]
[C:/My Websites/职业百科/www.careerplanwiki.com/wiki/测绘工程技术/4307.html]
[C:/My Websites/职业百科/www.careerplanwiki.com/wiki/油气储运技术/4319.html]
[C:/My Websites/职业百科/www.careerplanwiki.com/wiki/油气地质勘探技术/4320.html]
[C:/My Websites/职业百科/www.careerplanwiki.com/wiki/钻井技术/4317.html]
[C:/My Websites/职业百科/www.careerplanwiki.com/wiki/油气智能开采技术/4318.html]
[C:/My Websites/职业百科/www.careerplanwiki.com/wiki/油田化学应用技术/4321.html]
[C:/My Websites/职业百科/www.careerplanwiki.com/wiki/石油工程技术/4322.html]
[C:/My Websites/职业百科/www.careerplanwiki.com/wiki/煤矿智能开采技术/4324.html]
[C:/My Websites/职业百科/www.careerplanwiki.com/wiki/矿井建设工程技术/4325.html]
[C:/My Websites/职业百科/www.careerplanwiki.com/wiki/通风技术与安全管理/4327.html]
[C:/My Websites/职业百科/www.careerplanwiki.com/wiki/矿山机电与智能装备/4326.html]
[C:/My Websites/职业百科/www.careerplanwiki.com/wiki/煤炭清洁利用技术/4330.html]
[C:/My Websites/职业百科/www.careerplanwiki.com/wiki/煤层气采输技术/4332.html]
[C:/My Websites/职业百科/www.careerplanwiki.com/wiki/矿山智能开采技术/4335.html]
[C:/My Websites/职业百科/www.careerplanwiki.com/wiki/矿物加工技术/4336.html]
[C:/My Websites/职业百科/www.careerplanwiki.com/wiki/大气科学技术/4339.html]
[C:/My Websites/职业百科/www.careerplanwiki.com/wiki/大气探测技术/4340.html]
[C:/My Websites/职业百科/www.careerplanwiki.com/wiki/应用气象技术/4341.html]
[C:/My Websites/职业百科/www.careerplanwiki.com/wiki/雷电防护技术/4342.html]
[C:/My Websites/职业百科/www.careerplanwiki.com/wiki/环境监测技术/4344.html]
[C:/My Websites/职业百科/www.careerplanwiki.com/wiki/环境工程技术/4347.html]
[C:/My Websites/职业百科/www.careerplanwiki.com/wiki/生态保护技术/4345.html]
[C:/My Websites/职业百科/www.careerplanwiki.com/wiki/生态环境大数据技术/4348.html]
[C:/My Websites/职业百科/www.careerplanwiki.com/wiki/环境管理与评价/4350.html]
[C:/My Websites/职业百科/www.careerplanwiki.com/wiki/生态环境修复技术/4352.html]
[C:/My Websites/职业百科/www.careerplanwiki.com/wiki/绿色低碳技术/4353.html]
[C:/My Websites/职业百科/www.careerplanwiki.com/wiki/资源综合利用技术/4354.html]
[C:/My Websites/职业百科/www.careerplanwiki.com/wiki/水净化与安全技术/6456.html]
[C:/My Websites/职业百科/www.careerplanwiki.com/wiki/核与辐射检测防护技术/4349.html]
[C:/My Websites/职业百科/www.careerplanwiki.com/wiki/智能环保装备技术/6457.html]
[C:/My Websites/职业百科/www.careerplanwiki.com/wiki/安全技术与管理/4359.html]
[C:/My Websites/职业百科/www.careerplanwiki.com/wiki/化工安全技术/4357.html]
[C:/My Websites/职业百科/www.careerplanwiki.com/wiki/工程安全评价与监理/4360.html]
[C:/My Websites/职业百科/www.careerplanwiki.com/wiki/安全智能监测技术/4361.html]
[C:/My Websites/职业百科/www.careerplanwiki.com/wiki/应急救援技术/4358.html]
[C:/My Websites/职业百科/www.careerplanwiki.com/wiki/消防救援技术/6458.html]
[C:/My Websites/职业百科/www.careerplanwiki.com/wiki/森林草原防火技术/4260.html]
[C:/My Websites/职业百科/www.careerplanwiki.com/wiki/职业健康安全技术/4356.html]
[C:/My Websites/职业百科/www.careerplanwiki.com/wiki/发电厂及电力系统/4365.html]
[C:/My Websites/职业百科/www.careerplanwiki.com/wiki/水电站机电设备与自动化/4370.html]
[C:/My Websites/职业百科/www.careerplanwiki.com/wiki/水电站与电力网技术/4373.html]
[C:/My Websites/职业百科/www.careerplanwiki.com/wiki/分布式发电与智能微电网技术/4376.html]
[C:/My Websites/职业百科/www.careerplanwiki.com/wiki/电力系统自动化技术/4367.html]
[C:/My Websites/职业百科/www.careerplanwiki.com/wiki/电力系统继电保护技术/4369.html]
[C:/My Websites/职业百科/www.careerplanwiki.com/wiki/输配电工程技术/4368.html]
[C:/My Websites/职业百科/www.careerplanwiki.com/wiki/供用电技术/4366.html]
[C:/My Websites/职业百科/www.careerplanwiki.com/wiki/农业电气化技术/4375.html]
[C:/My Websites/职业百科/www.careerplanwiki.com/wiki/机场电工技术/5098.html]
[C:/My Websites/职业百科/www.careerplanwiki.com/wiki/电力客户服务与管理/4372.html]
[C:/My Websites/职业百科/www.careerplanwiki.com/wiki/热能动力工程技术/4378.html]
[C:/My Websites/职业百科/www.careerplanwiki.com/wiki/城市热能应用技术/4379.html]
[C:/My Websites/职业百科/www.careerplanwiki.com/wiki/地热开发技术/6459.html]
[C:/My Websites/职业百科/www.careerplanwiki.com/wiki/太阳能光热技术与应用/4391.html]
[C:/My Websites/职业百科/www.careerplanwiki.com/wiki/发电运行技术/4381.html]
[C:/My Websites/职业百科/www.careerplanwiki.com/wiki/热工自动化技术/4383.html]
[C:/My Websites/职业百科/www.careerplanwiki.com/wiki/核电站动力设备运行与维护/4380.html]
[C:/My Websites/职业百科/www.careerplanwiki.com/wiki/电厂化学与环保技术/4382.html]
[C:/My Websites/职业百科/www.careerplanwiki.com/wiki/氢能技术应用/6460.html]
[C:/My Websites/职业百科/www.careerplanwiki.com/wiki/工业节能技术/4389.html]
[C:/My Websites/职业百科/www.careerplanwiki.com/wiki/节电技术与管理/4390.html]
[C:/My Websites/职业百科/www.careerplanwiki.com/wiki/新能源材料应用技术/6461.html]
[C:/My Websites/职业百科/www.careerplanwiki.com/wiki/风力发电工程技术/4385.html]
[C:/My Websites/职业百科/www.careerplanwiki.com/wiki/生物质能应用技术/4387.html]
[C:/My Websites/职业百科/www.careerplanwiki.com/wiki/钢铁智能冶金技术/4394.html]
[C:/My Websites/职业百科/www.careerplanwiki.com/wiki/智能轧钢技术/4395.html]
[C:/My Websites/职业百科/www.careerplanwiki.com/wiki/钢铁冶金设备维护/4396.html]
[C:/My Websites/职业百科/www.careerplanwiki.com/wiki/金属材料检测技术/4397.html]
[C:/My Websites/职业百科/www.careerplanwiki.com/wiki/有色金属智能冶金技术/4400.html]
[C:/My Websites/职业百科/www.careerplanwiki.com/wiki/金属智能加工技术/4402.html]
[C:/My Websites/职业百科/www.careerplanwiki.com/wiki/金属精密成型技术/4403.html]
[C:/My Websites/职业百科/www.careerplanwiki.com/wiki/储能材料技术/6462.html]
[C:/My Websites/职业百科/www.careerplanwiki.com/wiki/稀土材料技术/6463.html]
[C:/My Websites/职业百科/www.careerplanwiki.com/wiki/材料工程技术/4405.html]
[C:/My Websites/职业百科/www.careerplanwiki.com/wiki/高分子材料智能制造技术/4406.html]
[C:/My Websites/职业百科/www.careerplanwiki.com/wiki/复合材料智能制造技术/4407.html]
[C:/My Websites/职业百科/www.careerplanwiki.com/wiki/航空复合材料成型与加工技术/6464.html]
[C:/My Websites/职业百科/www.careerplanwiki.com/wiki/非金属矿物材料技术/4408.html]
[C:/My Websites/职业百科/www.careerplanwiki.com/wiki/光伏材料制备技术/4409.html]
[C:/My Websites/职业百科/www.careerplanwiki.com/wiki/硅材料制备技术/4411.html]
[C:/My Websites/职业百科/www.careerplanwiki.com/wiki/炭材料工程技术/4410.html]
[C:/My Websites/职业百科/www.careerplanwiki.com/wiki/橡胶智能制造技术/4412.html]
[C:/My Websites/职业百科/www.careerplanwiki.com/wiki/新型建筑材料技术/4418.html]
[C:/My Websites/职业百科/www.careerplanwiki.com/wiki/建筑装饰材料技术/4416.html]
[C:/My Websites/职业百科/www.careerplanwiki.com/wiki/建筑材料检测技术/4415.html]
[C:/My Websites/职业百科/www.careerplanwiki.com/wiki/装配式建筑构件智能制造技术/6465.html]
[C:/My Websites/职业百科/www.careerplanwiki.com/wiki/建筑材料工程技术/4414.html]
[C:/My Websites/职业百科/www.careerplanwiki.com/wiki/建筑设计/4422.html]
[C:/My Websites/职业百科/www.careerplanwiki.com/wiki/建筑装饰工程技术/4423.html]
[C:/My Websites/职业百科/www.careerplanwiki.com/wiki/古建筑工程技术/4424.html]
[C:/My Websites/职业百科/www.careerplanwiki.com/wiki/园林工程技术/4427.html]
[C:/My Websites/职业百科/www.careerplanwiki.com/wiki/风景园林设计/4426.html]
[C:/My Websites/职业百科/www.careerplanwiki.com/wiki/建筑室内设计/4425.html]
[C:/My Websites/职业百科/www.careerplanwiki.com/wiki/建筑动画技术/4428.html]
[C:/My Websites/职业百科/www.careerplanwiki.com/wiki/城乡规划/4430.html]
[C:/My Websites/职业百科/www.careerplanwiki.com/wiki/智慧城市管理技术/4432.html]
[C:/My Websites/职业百科/www.careerplanwiki.com/wiki/村镇建设与管理/4431.html]
[C:/My Websites/职业百科/www.careerplanwiki.com/wiki/建筑工程技术/4434.html]
[C:/My Websites/职业百科/www.careerplanwiki.com/wiki/装配式建筑工程技术/6466.html]
[C:/My Websites/职业百科/www.careerplanwiki.com/wiki/建筑钢结构工程技术/4437.html]
[C:/My Websites/职业百科/www.careerplanwiki.com/wiki/智能建造技术/6467.html]
[C:/My Websites/职业百科/www.careerplanwiki.com/wiki/地下与隧道工程技术/4435.html]
[C:/My Websites/职业百科/www.careerplanwiki.com/wiki/土木工程检测技术/4436.html]
[C:/My Websites/职业百科/www.careerplanwiki.com/wiki/建筑设备工程技术/4439.html]
[C:/My Websites/职业百科/www.careerplanwiki.com/wiki/建筑电气工程技术/4441.html]
[C:/My Websites/职业百科/www.careerplanwiki.com/wiki/供热通风与空调工程技术/4440.html]
[C:/My Websites/职业百科/www.careerplanwiki.com/wiki/建筑智能化工程技术/4442.html]
[C:/My Websites/职业百科/www.careerplanwiki.com/wiki/工业设备安装工程技术/4443.html]
[C:/My Websites/职业百科/www.careerplanwiki.com/wiki/建筑消防技术/4444.html]
[C:/My Websites/职业百科/www.careerplanwiki.com/wiki/工程造价/4447.html]
[C:/My Websites/职业百科/www.careerplanwiki.com/wiki/建筑经济信息化管理/4448.html]
[C:/My Websites/职业百科/www.careerplanwiki.com/wiki/建设工程监理/4450.html]
[C:/My Websites/职业百科/www.careerplanwiki.com/wiki/建设工程管理/4446.html]
[C:/My Websites/职业百科/www.careerplanwiki.com/wiki/市政工程技术/4452.html]
[C:/My Websites/职业百科/www.careerplanwiki.com/wiki/给排水工程技术/4454.html]
[C:/My Websites/职业百科/www.careerplanwiki.com/wiki/城市燃气工程技术/4453.html]
[C:/My Websites/职业百科/www.careerplanwiki.com/wiki/市政管网智能检测与维护/6468.html]
[C:/My Websites/职业百科/www.careerplanwiki.com/wiki/城市环境工程技术/4455.html]
[C:/My Websites/职业百科/www.careerplanwiki.com/wiki/房地产经营与管理/4457.html]
[C:/My Websites/职业百科/www.careerplanwiki.com/wiki/房地产智能检测与估价/4458.html]
[C:/My Websites/职业百科/www.careerplanwiki.com/wiki/现代物业管理/4459.html]
[C:/My Websites/职业百科/www.careerplanwiki.com/wiki/水文与水资源技术/4462.html]
[C:/My Websites/职业百科/www.careerplanwiki.com/wiki/水政水资源管理/4464.html]
[C:/My Websites/职业百科/www.careerplanwiki.com/wiki/水利工程/4466.html]
[C:/My Websites/职业百科/www.careerplanwiki.com/wiki/智慧水利技术/6469.html]
[C:/My Websites/职业百科/www.careerplanwiki.com/wiki/水利水电工程技术/4467.html]
[C:/My Websites/职业百科/www.careerplanwiki.com/wiki/水利水电工程智能管理/4468.html]
[C:/My Websites/职业百科/www.careerplanwiki.com/wiki/水利水电建筑工程/4469.html]
[C:/My Websites/职业百科/www.careerplanwiki.com/wiki/机电排灌工程技术/4470.html]
[C:/My Websites/职业百科/www.careerplanwiki.com/wiki/治河与航道工程技术/4471.html]
[C:/My Websites/职业百科/www.careerplanwiki.com/wiki/智能水务管理/4472.html]
[C:/My Websites/职业百科/www.careerplanwiki.com/wiki/水电站设备安装与管理/4474.html]
[C:/My Websites/职业百科/www.careerplanwiki.com/wiki/水电站运行与智能管理/4476.html]
[C:/My Websites/职业百科/www.careerplanwiki.com/wiki/水利机电设备智能管理/4477.html]
[C:/My Websites/职业百科/www.careerplanwiki.com/wiki/水土保持技术/4479.html]
[C:/My Websites/职业百科/www.careerplanwiki.com/wiki/水环境智能监测与治理/4480.html]
[C:/My Websites/职业百科/www.careerplanwiki.com/wiki/水生态修复技术/6470.html]
[C:/My Websites/职业百科/www.careerplanwiki.com/wiki/机械设计与制造/4483.html]
[C:/My Websites/职业百科/www.careerplanwiki.com/wiki/数字化设计与制造技术/6471.html]
[C:/My Websites/职业百科/www.careerplanwiki.com/wiki/数控技术/4485.html]
[C:/My Websites/职业百科/www.careerplanwiki.com/wiki/机械制造及自动化/4484.html]
[C:/My Websites/职业百科/www.careerplanwiki.com/wiki/工业设计/4500.html]
[C:/My Websites/职业百科/www.careerplanwiki.com/wiki/工业工程技术/4501.html]
[C:/My Websites/职业百科/www.careerplanwiki.com/wiki/材料成型及控制技术/4488.html]
[C:/My Websites/职业百科/www.careerplanwiki.com/wiki/现代铸造技术/4490.html]
[C:/My Websites/职业百科/www.careerplanwiki.com/wiki/现代锻压技术/4491.html]
[C:/My Websites/职业百科/www.careerplanwiki.com/wiki/智能焊接技术/4492.html]
[C:/My Websites/职业百科/www.careerplanwiki.com/wiki/工业材料表面处理技术/6472.html]
[C:/My Websites/职业百科/www.careerplanwiki.com/wiki/增材制造技术/6473.html]
[C:/My Websites/职业百科/www.careerplanwiki.com/wiki/模具设计与制造/4495.html]
[C:/My Websites/职业百科/www.careerplanwiki.com/wiki/特种加工技术/4487.html]
[C:/My Websites/职业百科/www.careerplanwiki.com/wiki/智能光电制造技术/4508.html]
[C:/My Websites/职业百科/www.careerplanwiki.com/wiki/电线电缆制造技术/4497.html]
[C:/My Websites/职业百科/www.careerplanwiki.com/wiki/内燃机制造与应用技术/4498.html]
[C:/My Websites/职业百科/www.careerplanwiki.com/wiki/机械装备制造技术/4499.html]
[C:/My Websites/职业百科/www.careerplanwiki.com/wiki/工业产品质量检测技术/4493.html]
[C:/My Websites/职业百科/www.careerplanwiki.com/wiki/理化测试与质检技术/4494.html]
[C:/My Websites/职业百科/www.careerplanwiki.com/wiki/智能制造装备技术/4503.html]
[C:/My Websites/职业百科/www.careerplanwiki.com/wiki/机电设备技术/4504.html]
[C:/My Websites/职业百科/www.careerplanwiki.com/wiki/电机与电器技术/4496.html]
[C:/My Websites/职业百科/www.careerplanwiki.com/wiki/新能源装备技术/4509.html]
[C:/My Websites/职业百科/www.careerplanwiki.com/wiki/制冷与空调技术/4507.html]
[C:/My Websites/职业百科/www.careerplanwiki.com/wiki/电梯工程技术/4518.html]
[C:/My Websites/职业百科/www.careerplanwiki.com/wiki/机电一体化技术/4511.html]
[C:/My Websites/职业百科/www.careerplanwiki.com/wiki/智能机电技术/6474.html]
[C:/My Websites/职业百科/www.careerplanwiki.com/wiki/智能控制技术/4514.html]
[C:/My Websites/职业百科/www.careerplanwiki.com/wiki/智能机器人技术/6475.html]
[C:/My Websites/职业百科/www.careerplanwiki.com/wiki/工业机器人技术/4519.html]
[C:/My Websites/职业百科/www.careerplanwiki.com/wiki/电气自动化技术/4512.html]
[C:/My Websites/职业百科/www.careerplanwiki.com/wiki/工业过程自动化技术/4513.html]
[C:/My Websites/职业百科/www.careerplanwiki.com/wiki/工业自动化仪表技术/4516.html]
[C:/My Websites/职业百科/www.careerplanwiki.com/wiki/液压与气动技术/4517.html]
[C:/My Websites/职业百科/www.careerplanwiki.com/wiki/工业互联网应用/6476.html]
[C:/My Websites/职业百科/www.careerplanwiki.com/wiki/计量测试与应用技术/6477.html]
[C:/My Websites/职业百科/www.careerplanwiki.com/wiki/铁道机车车辆制造与维护/4521.html]
[C:/My Websites/职业百科/www.careerplanwiki.com/wiki/高速铁路动车组制造与维护/6478.html]
[C:/My Websites/职业百科/www.careerplanwiki.com/wiki/城市轨道交通车辆制造与维护/6479.html]
[C:/My Websites/职业百科/www.careerplanwiki.com/wiki/轨道交通通信信号设备制造与维护/4522.html]
[C:/My Websites/职业百科/www.careerplanwiki.com/wiki/轨道交通工程机械制造与维护/4523.html]
[C:/My Websites/职业百科/www.careerplanwiki.com/wiki/船舶工程技术/4525.html]
[C:/My Websites/职业百科/www.careerplanwiki.com/wiki/船舶动力工程技术/4526.html]
[C:/My Websites/职业百科/www.careerplanwiki.com/wiki/船舶电气工程技术/4527.html]
[C:/My Websites/职业百科/www.careerplanwiki.com/wiki/船舶智能焊接技术/6480.html]
[C:/My Websites/职业百科/www.careerplanwiki.com/wiki/船舶舾装工程技术/4528.html]
[C:/My Websites/职业百科/www.careerplanwiki.com/wiki/船舶涂装工程技术/4529.html]
[C:/My Websites/职业百科/www.careerplanwiki.com/wiki/船舶通信装备技术/4532.html]
[C:/My Websites/职业百科/www.careerplanwiki.com/wiki/游艇设计与制造/4530.html]
[C:/My Websites/职业百科/www.careerplanwiki.com/wiki/邮轮内装技术/6481.html]
[C:/My Websites/职业百科/www.careerplanwiki.com/wiki/海洋工程装备技术/4531.html]
[C:/My Websites/职业百科/www.careerplanwiki.com/wiki/飞行器数字化制造技术/4535.html]
[C:/My Websites/职业百科/www.careerplanwiki.com/wiki/飞行器数字化装配技术/6482.html]
[C:/My Websites/职业百科/www.careerplanwiki.com/wiki/航空发动机制造技术/4537.html]
[C:/My Websites/职业百科/www.careerplanwiki.com/wiki/航空发动机装配调试技术/4538.html]
[C:/My Websites/职业百科/www.careerplanwiki.com/wiki/飞机机载设备装配调试技术/4540.html]
[C:/My Websites/职业百科/www.careerplanwiki.com/wiki/航空装备表面处理技术/6483.html]
[C:/My Websites/职业百科/www.careerplanwiki.com/wiki/飞行器维修技术/4536.html]
[C:/My Websites/职业百科/www.careerplanwiki.com/wiki/航空发动机维修技术/4539.html]
[C:/My Websites/职业百科/www.careerplanwiki.com/wiki/无人机应用技术/4544.html]
[C:/My Websites/职业百科/www.careerplanwiki.com/wiki/航空材料精密成型技术/4543.html]
[C:/My Websites/职业百科/www.careerplanwiki.com/wiki/导弹维修技术/4545.html]
[C:/My Websites/职业百科/www.careerplanwiki.com/wiki/汽车制造与试验技术/4547.html]
[C:/My Websites/职业百科/www.careerplanwiki.com/wiki/新能源汽车技术/4553.html]
[C:/My Websites/职业百科/www.careerplanwiki.com/wiki/汽车电子技术/4549.html]
[C:/My Websites/职业百科/www.careerplanwiki.com/wiki/智能网联汽车技术/6484.html]
[C:/My Websites/职业百科/www.careerplanwiki.com/wiki/汽车造型与改装技术/4550.html]
[C:/My Websites/职业百科/www.careerplanwiki.com/wiki/食品生物技术/4556.html]
[C:/My Websites/职业百科/www.careerplanwiki.com/wiki/药品生物技术/4558.html]
[C:/My Websites/职业百科/www.careerplanwiki.com/wiki/农业生物技术/4559.html]
[C:/My Websites/职业百科/www.careerplanwiki.com/wiki/化工生物技术/4557.html]
[C:/My Websites/职业百科/www.careerplanwiki.com/wiki/生物产品检验检疫/4560.html]
[C:/My Websites/职业百科/www.careerplanwiki.com/wiki/绿色生物制造技术/6485.html]
[C:/My Websites/职业百科/www.careerplanwiki.com/wiki/生物信息技术/6486.html]
[C:/My Websites/职业百科/www.careerplanwiki.com/wiki/应用化工技术/4562.html]
[C:/My Websites/职业百科/www.careerplanwiki.com/wiki/石油炼制技术/4563.html]
[C:/My Websites/职业百科/www.careerplanwiki.com/wiki/精细化工技术/4566.html]
[C:/My Websites/职业百科/www.careerplanwiki.com/wiki/石油化工技术/4564.html]
[C:/My Websites/职业百科/www.careerplanwiki.com/wiki/煤化工技术/4573.html]
[C:/My Websites/职业百科/www.careerplanwiki.com/wiki/高分子合成技术/4565.html]
[C:/My Websites/职业百科/www.careerplanwiki.com/wiki/海洋化工技术/4567.html]
[C:/My Websites/职业百科/www.careerplanwiki.com/wiki/分析检验技术/4568.html]
[C:/My Websites/职业百科/www.careerplanwiki.com/wiki/化工智能制造技术/6487.html]
[C:/My Websites/职业百科/www.careerplanwiki.com/wiki/化工装备技术/4569.html]
[C:/My Websites/职业百科/www.careerplanwiki.com/wiki/化工自动化技术/4570.html]
[C:/My Websites/职业百科/www.careerplanwiki.com/wiki/涂装防护技术/4571.html]
[C:/My Websites/职业百科/www.careerplanwiki.com/wiki/烟花爆竹技术与管理/4572.html]
[C:/My Websites/职业百科/www.careerplanwiki.com/wiki/化妆品技术/4581.html]
[C:/My Websites/职业百科/www.careerplanwiki.com/wiki/现代造纸技术/4577.html]
[C:/My Websites/职业百科/www.careerplanwiki.com/wiki/家具设计与制造/4580.html]
[C:/My Websites/职业百科/www.careerplanwiki.com/wiki/鞋类设计与工艺/4584.html]
[C:/My Websites/职业百科/www.careerplanwiki.com/wiki/陶瓷制造技术与工艺/4586.html]
[C:/My Websites/职业百科/www.careerplanwiki.com/wiki/珠宝首饰技术与管理/5099.html]
[C:/My Websites/职业百科/www.careerplanwiki.com/wiki/皮革加工技术/4582.html]
[C:/My Websites/职业百科/www.careerplanwiki.com/wiki/皮具制作与工艺/4583.html]
[C:/My Websites/职业百科/www.careerplanwiki.com/wiki/乐器制造与维护/4585.html]
[C:/My Websites/职业百科/www.careerplanwiki.com/wiki/香料香精技术与工艺/4578.html]
[C:/My Websites/职业百科/www.careerplanwiki.com/wiki/表面精饰工艺/4579.html]
[C:/My Websites/职业百科/www.careerplanwiki.com/wiki/包装工程技术/4588.html]
[C:/My Websites/职业百科/www.careerplanwiki.com/wiki/包装策划与设计/4589.html]
[C:/My Websites/职业百科/www.careerplanwiki.com/wiki/数字印刷技术/4597.html]
[C:/My Websites/职业百科/www.careerplanwiki.com/wiki/印刷媒体技术/4596.html]
[C:/My Websites/职业百科/www.careerplanwiki.com/wiki/印刷数字图文技术/4593.html]
[C:/My Websites/职业百科/www.careerplanwiki.com/wiki/印刷设备应用技术/4594.html]
[C:/My Websites/职业百科/www.careerplanwiki.com/wiki/现代纺织技术/4599.html]
[C:/My Websites/职业百科/www.careerplanwiki.com/wiki/服装设计与工艺/4608.html]
[C:/My Websites/职业百科/www.careerplanwiki.com/wiki/丝绸技术/4600.html]
[C:/My Websites/职业百科/www.careerplanwiki.com/wiki/针织技术与针织服装/4607.html]
[C:/My Websites/职业百科/www.careerplanwiki.com/wiki/数字化染整技术/4601.html]
[C:/My Websites/职业百科/www.careerplanwiki.com/wiki/纺织品设计/4604.html]
[C:/My Websites/职业百科/www.careerplanwiki.com/wiki/现代家用纺织品设计/4605.html]
[C:/My Websites/职业百科/www.careerplanwiki.com/wiki/纺织材料与应用/4606.html]
[C:/My Websites/职业百科/www.careerplanwiki.com/wiki/现代非织造技术/6488.html]
[C:/My Websites/职业百科/www.careerplanwiki.com/wiki/纺织机电技术/4602.html]
[C:/My Websites/职业百科/www.careerplanwiki.com/wiki/纺织品检验与贸易/4603.html]
[C:/My Websites/职业百科/www.careerplanwiki.com/wiki/皮革服装制作与工艺/4609.html]
[C:/My Websites/职业百科/www.careerplanwiki.com/wiki/食品智能加工技术/4613.html]
[C:/My Websites/职业百科/www.careerplanwiki.com/wiki/食品质量与安全/4615.html]
[C:/My Websites/职业百科/www.careerplanwiki.com/wiki/食品营养与健康/4618.html]
[C:/My Websites/职业百科/www.careerplanwiki.com/wiki/食品检验检测技术/4617.html]
[C:/My Websites/职业百科/www.careerplanwiki.com/wiki/酿酒技术/4614.html]
[C:/My Websites/职业百科/www.careerplanwiki.com/wiki/食品贮运与营销/4616.html]
[C:/My Websites/职业百科/www.careerplanwiki.com/wiki/药品生产技术/4622.html]
[C:/My Websites/职业百科/www.careerplanwiki.com/wiki/生物制药技术/6489.html]
[C:/My Websites/职业百科/www.careerplanwiki.com/wiki/药物制剂技术/6490.html]
[C:/My Websites/职业百科/www.careerplanwiki.com/wiki/化学制药技术/6491.html]
[C:/My Websites/职业百科/www.careerplanwiki.com/wiki/兽药制药技术/4623.html]
[C:/My Websites/职业百科/www.careerplanwiki.com/wiki/药品质量与安全/4624.html]
[C:/My Websites/职业百科/www.careerplanwiki.com/wiki/制药设备应用技术/4625.html]
[C:/My Websites/职业百科/www.careerplanwiki.com/wiki/智能医疗装备技术/4801.html]
[C:/My Websites/职业百科/www.careerplanwiki.com/wiki/医用电子仪器技术/4802.html]
[C:/My Websites/职业百科/www.careerplanwiki.com/wiki/医用材料与应用/6492.html]
[C:/My Websites/职业百科/www.careerplanwiki.com/wiki/医疗器械维护与管理/4803.html]
[C:/My Websites/职业百科/www.careerplanwiki.com/wiki/医疗器械经营与服务/5102.html]
[C:/My Websites/职业百科/www.careerplanwiki.com/wiki/康复工程技术/4804.html]
[C:/My Websites/职业百科/www.careerplanwiki.com/wiki/化妆品质量与安全/6493.html]
[C:/My Websites/职业百科/www.careerplanwiki.com/wiki/食品药品监督管理/5100.html]
[C:/My Websites/职业百科/www.careerplanwiki.com/wiki/保健食品质量与管理/4629.html]
[C:/My Websites/职业百科/www.careerplanwiki.com/wiki/化妆品经营与管理/4630.html]
[C:/My Websites/职业百科/www.careerplanwiki.com/wiki/药品经营与管理/4627.html]
[C:/My Websites/职业百科/www.careerplanwiki.com/wiki/粮食工程技术与管理/4632.html]
[C:/My Websites/职业百科/www.careerplanwiki.com/wiki/粮食储运与质量安全/4634.html]
[C:/My Websites/职业百科/www.careerplanwiki.com/wiki/铁道工程技术/4640.html]
[C:/My Websites/职业百科/www.careerplanwiki.com/wiki/高速铁路施工与维护/4647.html]
[C:/My Websites/职业百科/www.careerplanwiki.com/wiki/铁道桥梁隧道工程技术/4646.html]
[C:/My Websites/职业百科/www.careerplanwiki.com/wiki/铁道养路机械应用技术/4641.html]
[C:/My Websites/职业百科/www.careerplanwiki.com/wiki/铁道机车运用与维护/4637.html]
[C:/My Websites/职业百科/www.careerplanwiki.com/wiki/铁道车辆技术/4638.html]
[C:/My Websites/职业百科/www.careerplanwiki.com/wiki/铁道供电技术/4639.html]
[C:/My Websites/职业百科/www.careerplanwiki.com/wiki/动车组检修技术/4649.html]
[C:/My Websites/职业百科/www.careerplanwiki.com/wiki/高速铁路综合维修技术/6494.html]
[C:/My Websites/职业百科/www.careerplanwiki.com/wiki/铁道信号自动控制/4642.html]
[C:/My Websites/职业百科/www.careerplanwiki.com/wiki/铁道通信与信息化技术/4643.html]
[C:/My Websites/职业百科/www.careerplanwiki.com/wiki/铁道交通运营管理/4644.html]
[C:/My Websites/职业百科/www.careerplanwiki.com/wiki/高速铁路客运服务/4648.html]
[C:/My Websites/职业百科/www.careerplanwiki.com/wiki/道路与桥梁工程技术/4652.html]
[C:/My Websites/职业百科/www.careerplanwiki.com/wiki/道路机械化施工技术/4655.html]
[C:/My Websites/职业百科/www.careerplanwiki.com/wiki/智能工程机械运用技术/4656.html]
[C:/My Websites/职业百科/www.careerplanwiki.com/wiki/道路工程检测技术/6495.html]
[C:/My Websites/职业百科/www.careerplanwiki.com/wiki/道路工程造价/6496.html]
[C:/My Websites/职业百科/www.careerplanwiki.com/wiki/道路养护与管理/4654.html]
[C:/My Websites/职业百科/www.careerplanwiki.com/wiki/智能交通技术/4651.html]
[C:/My Websites/职业百科/www.careerplanwiki.com/wiki/道路运输管理/4653.html]
[C:/My Websites/职业百科/www.careerplanwiki.com/wiki/汽车技术服务与营销/4850.html]
[C:/My Websites/职业百科/www.careerplanwiki.com/wiki/新能源汽车检测与维修技术/4662.html]
[C:/My Websites/职业百科/www.careerplanwiki.com/wiki/交通运营管理/4657.html]
[C:/My Websites/职业百科/www.careerplanwiki.com/wiki/航海技术/4664.html]
[C:/My Websites/职业百科/www.careerplanwiki.com/wiki/港口与航道工程技术/4670.html]
[C:/My Websites/职业百科/www.careerplanwiki.com/wiki/轮机工程技术/4673.html]
[C:/My Websites/职业百科/www.careerplanwiki.com/wiki/国际邮轮乘务管理/4665.html]
[C:/My Websites/职业百科/www.careerplanwiki.com/wiki/水路运输安全管理/4675.html]
[C:/My Websites/职业百科/www.careerplanwiki.com/wiki/港口机械与智能控制/4668.html]
[C:/My Websites/职业百科/www.careerplanwiki.com/wiki/港口与航运管理/4671.html]
[C:/My Websites/职业百科/www.careerplanwiki.com/wiki/船舶电子电气技术/4666.html]
[C:/My Websites/职业百科/www.careerplanwiki.com/wiki/船舶检验/4667.html]
[C:/My Websites/职业百科/www.careerplanwiki.com/wiki/集装箱运输管理/4676.html]
[C:/My Websites/职业百科/www.careerplanwiki.com/wiki/民航运输服务/4678.html]
[C:/My Websites/职业百科/www.careerplanwiki.com/wiki/民航通信技术/4679.html]
[C:/My Websites/职业百科/www.careerplanwiki.com/wiki/定翼机驾驶技术/4680.html]
[C:/My Websites/职业百科/www.careerplanwiki.com/wiki/直升机驾驶技术/4681.html]
[C:/My Websites/职业百科/www.careerplanwiki.com/wiki/空中乘务/4682.html]
[C:/My Websites/职业百科/www.careerplanwiki.com/wiki/民航安全技术管理/4683.html]
[C:/My Websites/职业百科/www.careerplanwiki.com/wiki/民航空中安全保卫/4684.html]
[C:/My Websites/职业百科/www.careerplanwiki.com/wiki/机场运行服务与管理/4685.html]
[C:/My Websites/职业百科/www.careerplanwiki.com/wiki/飞机机电设备维修/4686.html]
[C:/My Websites/职业百科/www.careerplanwiki.com/wiki/飞机电子设备维修/4687.html]
[C:/My Websites/职业百科/www.careerplanwiki.com/wiki/飞机部件修理/4688.html]
[C:/My Websites/职业百科/www.careerplanwiki.com/wiki/通用航空器维修/4693.html]
[C:/My Websites/职业百科/www.careerplanwiki.com/wiki/飞机结构修理/4695.html]
[C:/My Websites/职业百科/www.careerplanwiki.com/wiki/航空地面设备维修/4689.html]
[C:/My Websites/职业百科/www.careerplanwiki.com/wiki/机场场务技术与管理/4690.html]
[C:/My Websites/职业百科/www.careerplanwiki.com/wiki/通用航空航务技术/4694.html]
[C:/My Websites/职业百科/www.careerplanwiki.com/wiki/航空油料/4691.html]
[C:/My Websites/职业百科/www.careerplanwiki.com/wiki/管道工程技术/4697.html]
[C:/My Websites/职业百科/www.careerplanwiki.com/wiki/管道运输管理/4698.html]
[C:/My Websites/职业百科/www.careerplanwiki.com/wiki/城市轨道交通工程技术/4704.html]
[C:/My Websites/职业百科/www.careerplanwiki.com/wiki/城市轨道车辆应用技术/4700.html]
[C:/My Websites/职业百科/www.careerplanwiki.com/wiki/城市轨道交通机电技术/4701.html]
[C:/My Websites/职业百科/www.careerplanwiki.com/wiki/城市轨道交通通信信号技术/4702.html]
[C:/My Websites/职业百科/www.careerplanwiki.com/wiki/城市轨道交通供配电技术/4703.html]
[C:/My Websites/职业百科/www.careerplanwiki.com/wiki/城市轨道交通运营管理/4705.html]
[C:/My Websites/职业百科/www.careerplanwiki.com/wiki/邮政快递运营管理/4708.html]
[C:/My Websites/职业百科/www.careerplanwiki.com/wiki/邮政快递智能技术/6497.html]
[C:/My Websites/职业百科/www.careerplanwiki.com/wiki/邮政通信管理/4707.html]
[C:/My Websites/职业百科/www.careerplanwiki.com/wiki/电子信息工程技术/4711.html]
[C:/My Websites/职业百科/www.careerplanwiki.com/wiki/物联网应用技术/4729.html]
[C:/My Websites/职业百科/www.careerplanwiki.com/wiki/电子产品制造技术/4721.html]
[C:/My Websites/职业百科/www.careerplanwiki.com/wiki/电子产品检测技术/4718.html]
[C:/My Websites/职业百科/www.careerplanwiki.com/wiki/移动互联应用技术/4725.html]
[C:/My Websites/职业百科/www.careerplanwiki.com/wiki/汽车智能技术/4717.html]
[C:/My Websites/职业百科/www.careerplanwiki.com/wiki/智能产品开发与应用/4714.html]
[C:/My Websites/职业百科/www.careerplanwiki.com/wiki/智能光电技术应用/4726.html]
[C:/My Websites/职业百科/www.careerplanwiki.com/wiki/光电显示技术/4728.html]
[C:/My Websites/职业百科/www.careerplanwiki.com/wiki/应用电子技术/4712.html]
[C:/My Websites/职业百科/www.careerplanwiki.com/wiki/计算机应用技术/4731.html]
[C:/My Websites/职业百科/www.careerplanwiki.com/wiki/计算机网络技术/4732.html]
[C:/My Websites/职业百科/www.careerplanwiki.com/wiki/数字媒体技术/4739.html]
[C:/My Websites/职业百科/www.careerplanwiki.com/wiki/大数据技术/4733.html]
[C:/My Websites/职业百科/www.careerplanwiki.com/wiki/云计算技术应用/4743.html]
[C:/My Websites/职业百科/www.careerplanwiki.com/wiki/信息安全技术应用/4741.html]
[C:/My Websites/职业百科/www.careerplanwiki.com/wiki/虚拟现实技术应用/6498.html]
[C:/My Websites/职业百科/www.careerplanwiki.com/wiki/人工智能技术应用/6499.html]
[C:/My Websites/职业百科/www.careerplanwiki.com/wiki/嵌入式技术应用/4738.html]
[C:/My Websites/职业百科/www.careerplanwiki.com/wiki/工业互联网技术/4515.html]
[C:/My Websites/职业百科/www.careerplanwiki.com/wiki/区块链技术应用/6500.html]
[C:/My Websites/职业百科/www.careerplanwiki.com/wiki/移动应用开发/4742.html]
[C:/My Websites/职业百科/www.careerplanwiki.com/wiki/工业软件开发技术/6501.html]
[C:/My Websites/职业百科/www.careerplanwiki.com/wiki/动漫制作技术/4737.html]
[C:/My Websites/职业百科/www.careerplanwiki.com/wiki/密码技术应用/6502.html]
[C:/My Websites/职业百科/www.careerplanwiki.com/wiki/软件技术/4735.html]
[C:/My Websites/职业百科/www.careerplanwiki.com/wiki/现代通信技术/4746.html]
[C:/My Websites/职业百科/www.careerplanwiki.com/wiki/现代移动通信技术/4747.html]
[C:/My Websites/职业百科/www.careerplanwiki.com/wiki/通信软件技术/6503.html]
[C:/My Websites/职业百科/www.careerplanwiki.com/wiki/卫星通信与导航技术/6504.html]
[C:/My Websites/职业百科/www.careerplanwiki.com/wiki/通信工程设计与监理/4749.html]
[C:/My Websites/职业百科/www.careerplanwiki.com/wiki/通信系统运行管理/4748.html]
[C:/My Websites/职业百科/www.careerplanwiki.com/wiki/智能互联网络技术/4752.html]
[C:/My Websites/职业百科/www.careerplanwiki.com/wiki/网络规划与优化技术/6505.html]
[C:/My Websites/职业百科/www.careerplanwiki.com/wiki/电信服务与管理/4750.html]
[C:/My Websites/职业百科/www.careerplanwiki.com/wiki/集成电路技术/6537.html]
[C:/My Websites/职业百科/www.careerplanwiki.com/wiki/微电子技术/4713.html]
[C:/My Websites/职业百科/www.careerplanwiki.com/wiki/临床医学/4755.html]
[C:/My Websites/职业百科/www.careerplanwiki.com/wiki/口腔医学/4756.html]
[C:/My Websites/职业百科/www.careerplanwiki.com/wiki/朝医学/6506.html]
[C:/My Websites/职业百科/www.careerplanwiki.com/wiki/护理/4766.html]
[C:/My Websites/职业百科/www.careerplanwiki.com/wiki/助产/4767.html]
[C:/My Websites/职业百科/www.careerplanwiki.com/wiki/药学/4769.html]
[C:/My Websites/职业百科/www.careerplanwiki.com/wiki/中药制药/6507.html]
[C:/My Websites/职业百科/www.careerplanwiki.com/wiki/医学检验技术/4775.html]
[C:/My Websites/职业百科/www.careerplanwiki.com/wiki/医学影像技术/4777.html]
[C:/My Websites/职业百科/www.careerplanwiki.com/wiki/医学生物技术/4776.html]
[C:/My Websites/职业百科/www.careerplanwiki.com/wiki/口腔医学技术/4779.html]
[C:/My Websites/职业百科/www.careerplanwiki.com/wiki/放射治疗技术/4782.html]
[C:/My Websites/职业百科/www.careerplanwiki.com/wiki/呼吸治疗技术/4783.html]
[C:/My Websites/职业百科/www.careerplanwiki.com/wiki/医学美容技术/4778.html]
[C:/My Websites/职业百科/www.careerplanwiki.com/wiki/卫生检验与检疫技术/4780.html]
[C:/My Websites/职业百科/www.careerplanwiki.com/wiki/康复治疗技术/4785.html]
[C:/My Websites/职业百科/www.careerplanwiki.com/wiki/言语听觉康复技术/4786.html]
[C:/My Websites/职业百科/www.careerplanwiki.com/wiki/卫生信息管理/4792.html]
[C:/My Websites/职业百科/www.careerplanwiki.com/wiki/预防医学/4789.html]
[C:/My Websites/职业百科/www.careerplanwiki.com/wiki/公共卫生管理/4790.html]
[C:/My Websites/职业百科/www.careerplanwiki.com/wiki/健康大数据管理与服务/6508.html]
[C:/My Websites/职业百科/www.careerplanwiki.com/wiki/康复辅助器具技术/4805.html]
[C:/My Websites/职业百科/www.careerplanwiki.com/wiki/健康管理/4797.html]
[C:/My Websites/职业百科/www.careerplanwiki.com/wiki/婴幼儿托育服务与管理/5108.html]
[C:/My Websites/职业百科/www.careerplanwiki.com/wiki/老年保健与管理/4807.html]
[C:/My Websites/职业百科/www.careerplanwiki.com/wiki/心理咨询/4800.html]
[C:/My Websites/职业百科/www.careerplanwiki.com/wiki/医学营养/4798.html]
[C:/My Websites/职业百科/www.careerplanwiki.com/wiki/生殖健康管理/4795.html]
[C:/My Websites/职业百科/www.careerplanwiki.com/wiki/中医学/4757.html]
[C:/My Websites/职业百科/www.careerplanwiki.com/wiki/中医骨伤/4758.html]
[C:/My Websites/职业百科/www.careerplanwiki.com/wiki/针灸推拿/4759.html]
[C:/My Websites/职业百科/www.careerplanwiki.com/wiki/蒙医学/4760.html]
[C:/My Websites/职业百科/www.careerplanwiki.com/wiki/藏医学/4761.html]
[C:/My Websites/职业百科/www.careerplanwiki.com/wiki/维医学/4762.html]
[C:/My Websites/职业百科/www.careerplanwiki.com/wiki/傣医学/4763.html]
[C:/My Websites/职业百科/www.careerplanwiki.com/wiki/哈医学/4764.html]
[C:/My Websites/职业百科/www.careerplanwiki.com/wiki/中药学/4770.html]
[C:/My Websites/职业百科/www.careerplanwiki.com/wiki/蒙药学/4771.html]
[C:/My Websites/职业百科/www.careerplanwiki.com/wiki/维药学/4772.html]
[C:/My Websites/职业百科/www.careerplanwiki.com/wiki/藏药学/4773.html]
[C:/My Websites/职业百科/www.careerplanwiki.com/wiki/中药材生产与加工/4621.html]
[C:/My Websites/职业百科/www.careerplanwiki.com/wiki/中医康复技术/4787.html]
[C:/My Websites/职业百科/www.careerplanwiki.com/wiki/中医养生保健/4799.html]
[C:/My Websites/职业百科/www.careerplanwiki.com/wiki/药膳与食疗/6538.html]
[C:/My Websites/职业百科/www.careerplanwiki.com/wiki/眼视光技术/4781.html]
[C:/My Websites/职业百科/www.careerplanwiki.com/wiki/眼视光仪器技术/6539.html]
[C:/My Websites/职业百科/www.careerplanwiki.com/wiki/视觉训练与康复/6540.html]
[C:/My Websites/职业百科/www.careerplanwiki.com/wiki/财税大数据应用/4810.html]
[C:/My Websites/职业百科/www.careerplanwiki.com/wiki/资产评估与管理/4812.html]
[C:/My Websites/职业百科/www.careerplanwiki.com/wiki/政府采购管理/4813.html]
[C:/My Websites/职业百科/www.careerplanwiki.com/wiki/金融服务与管理/4815.html]
[C:/My Websites/职业百科/www.careerplanwiki.com/wiki/金融科技应用/4823.html]
[C:/My Websites/职业百科/www.careerplanwiki.com/wiki/保险实务/4819.html]
[C:/My Websites/职业百科/www.careerplanwiki.com/wiki/信用管理/4821.html]
[C:/My Websites/职业百科/www.careerplanwiki.com/wiki/财富管理/4820.html]
[C:/My Websites/职业百科/www.careerplanwiki.com/wiki/证券实务/4817.html]
[C:/My Websites/职业百科/www.careerplanwiki.com/wiki/国际金融/4816.html]
[C:/My Websites/职业百科/www.careerplanwiki.com/wiki/农村金融/4822.html]
[C:/My Websites/职业百科/www.careerplanwiki.com/wiki/大数据与财务管理/4825.html]
[C:/My Websites/职业百科/www.careerplanwiki.com/wiki/大数据与会计/4826.html]
[C:/My Websites/职业百科/www.careerplanwiki.com/wiki/大数据与审计/4827.html]
[C:/My Websites/职业百科/www.careerplanwiki.com/wiki/会计信息管理/4828.html]
[C:/My Websites/职业百科/www.careerplanwiki.com/wiki/统计与大数据分析/4830.html]
[C:/My Websites/职业百科/www.careerplanwiki.com/wiki/统计与会计核算/4831.html]
[C:/My Websites/职业百科/www.careerplanwiki.com/wiki/市场调查与统计分析/6509.html]
[C:/My Websites/职业百科/www.careerplanwiki.com/wiki/国际经济与贸易/4833.html]
[C:/My Websites/职业百科/www.careerplanwiki.com/wiki/国际商务/4835.html]
[C:/My Websites/职业百科/www.careerplanwiki.com/wiki/关务与外贸服务/4838.html]
[C:/My Websites/职业百科/www.careerplanwiki.com/wiki/服务外包/4836.html]
[C:/My Websites/职业百科/www.careerplanwiki.com/wiki/国际文化贸易/4840.html]
[C:/My Websites/职业百科/www.careerplanwiki.com/wiki/工商企业管理/4842.html]
[C:/My Websites/职业百科/www.careerplanwiki.com/wiki/连锁经营与管理/4845.html]
[C:/My Websites/职业百科/www.careerplanwiki.com/wiki/商务管理/4843.html]
[C:/My Websites/职业百科/www.careerplanwiki.com/wiki/中小企业创业与经营/5103.html]
[C:/My Websites/职业百科/www.careerplanwiki.com/wiki/市场营销/4849.html]
[C:/My Websites/职业百科/www.careerplanwiki.com/wiki/跨境电子商务/6510.html]
[C:/My Websites/职业百科/www.careerplanwiki.com/wiki/农村电子商务/6511.html]
[C:/My Websites/职业百科/www.careerplanwiki.com/wiki/电子商务/4854.html]
[C:/My Websites/职业百科/www.careerplanwiki.com/wiki/移动商务/4855.html]
[C:/My Websites/职业百科/www.careerplanwiki.com/wiki/网络营销与直播电商/4856.html]
[C:/My Websites/职业百科/www.careerplanwiki.com/wiki/商务数据分析与应用/5104.html]
[C:/My Websites/职业百科/www.careerplanwiki.com/wiki/供应链运营/6512.html]
[C:/My Websites/职业百科/www.careerplanwiki.com/wiki/物流工程技术/4858.html]
[C:/My Websites/职业百科/www.careerplanwiki.com/wiki/现代物流管理/4860.html]
[C:/My Websites/职业百科/www.careerplanwiki.com/wiki/航空物流管理/4692.html]
[C:/My Websites/职业百科/www.careerplanwiki.com/wiki/铁路物流管理/4645.html]
[C:/My Websites/职业百科/www.careerplanwiki.com/wiki/冷链物流技术与管理/4863.html]
[C:/My Websites/职业百科/www.careerplanwiki.com/wiki/港口物流管理/4672.html]
[C:/My Websites/职业百科/www.careerplanwiki.com/wiki/工程物流管理/4862.html]
[C:/My Websites/职业百科/www.careerplanwiki.com/wiki/采购与供应管理/4864.html]
[C:/My Websites/职业百科/www.careerplanwiki.com/wiki/智能物流技术/4859.html]
[C:/My Websites/职业百科/www.careerplanwiki.com/wiki/旅游管理/4867.html]
[C:/My Websites/职业百科/www.careerplanwiki.com/wiki/导游/4868.html]
[C:/My Websites/职业百科/www.careerplanwiki.com/wiki/旅行社经营与管理/4869.html]
[C:/My Websites/职业百科/www.careerplanwiki.com/wiki/定制旅行管理与服务/6513.html]
[C:/My Websites/职业百科/www.careerplanwiki.com/wiki/研学旅行管理与服务/6514.html]
[C:/My Websites/职业百科/www.careerplanwiki.com/wiki/酒店管理与数字化运营/4871.html]
[C:/My Websites/职业百科/www.careerplanwiki.com/wiki/民宿管理与运营/6515.html]
[C:/My Websites/职业百科/www.careerplanwiki.com/wiki/葡萄酒文化与营销/6516.html]
[C:/My Websites/职业百科/www.careerplanwiki.com/wiki/茶艺与茶文化/4852.html]
[C:/My Websites/职业百科/www.careerplanwiki.com/wiki/智慧景区开发与管理/4870.html]
[C:/My Websites/职业百科/www.careerplanwiki.com/wiki/智慧旅游技术应用/6517.html]
[C:/My Websites/职业百科/www.careerplanwiki.com/wiki/会展策划与管理/4880.html]
[C:/My Websites/职业百科/www.careerplanwiki.com/wiki/休闲服务与管理/4872.html]
[C:/My Websites/职业百科/www.careerplanwiki.com/wiki/餐饮智能管理/4874.html]
[C:/My Websites/职业百科/www.careerplanwiki.com/wiki/烹饪工艺与营养/4875.html]
[C:/My Websites/职业百科/www.careerplanwiki.com/wiki/中西面点工艺/4877.html]
[C:/My Websites/职业百科/www.careerplanwiki.com/wiki/西式烹饪工艺/4878.html]
[C:/My Websites/职业百科/www.careerplanwiki.com/wiki/营养配餐/4876.html]
[C:/My Websites/职业百科/www.careerplanwiki.com/wiki/艺术设计/4883.html]
[C:/My Websites/职业百科/www.careerplanwiki.com/wiki/视觉传达设计/4884.html]
[C:/My Websites/职业百科/www.careerplanwiki.com/wiki/数字媒体艺术设计/4886.html]
[C:/My Websites/职业百科/www.careerplanwiki.com/wiki/产品艺术设计/4887.html]
[C:/My Websites/职业百科/www.careerplanwiki.com/wiki/服装与服饰设计/4890.html]
[C:/My Websites/职业百科/www.careerplanwiki.com/wiki/环境艺术设计/4893.html]
[C:/My Websites/职业百科/www.careerplanwiki.com/wiki/书画艺术/4907.html]
[C:/My Websites/职业百科/www.careerplanwiki.com/wiki/公共艺术设计/4894.html]
[C:/My Websites/职业百科/www.careerplanwiki.com/wiki/游戏艺术设计/4903.html]
[C:/My Websites/职业百科/www.careerplanwiki.com/wiki/展示艺术设计/4892.html]
[C:/My Websites/职业百科/www.careerplanwiki.com/wiki/美容美体艺术/4905.html]
[C:/My Websites/职业百科/www.careerplanwiki.com/wiki/工艺美术品设计/4901.html]
[C:/My Websites/职业百科/www.careerplanwiki.com/wiki/广告艺术设计/4885.html]
[C:/My Websites/职业百科/www.careerplanwiki.com/wiki/室内艺术设计/4891.html]
[C:/My Websites/职业百科/www.careerplanwiki.com/wiki/家具艺术设计/4888.html]
[C:/My Websites/职业百科/www.careerplanwiki.com/wiki/动漫设计/4902.html]
[C:/My Websites/职业百科/www.careerplanwiki.com/wiki/人物形象设计/4904.html]
[C:/My Websites/职业百科/www.careerplanwiki.com/wiki/摄影与摄像艺术/4906.html]
[C:/My Websites/职业百科/www.careerplanwiki.com/wiki/雕刻艺术设计/4895.html]
[C:/My Websites/职业百科/www.careerplanwiki.com/wiki/皮具艺术设计/4889.html]
[C:/My Websites/职业百科/www.careerplanwiki.com/wiki/包装艺术设计/4896.html]
[C:/My Websites/职业百科/www.careerplanwiki.com/wiki/陶瓷设计与工艺/4897.html]
[C:/My Websites/职业百科/www.careerplanwiki.com/wiki/首饰设计与工艺/4900.html]
[C:/My Websites/职业百科/www.careerplanwiki.com/wiki/玉器设计与工艺/4899.html]
[C:/My Websites/职业百科/www.careerplanwiki.com/wiki/刺绣设计与工艺/4898.html]
[C:/My Websites/职业百科/www.careerplanwiki.com/wiki/雕塑设计/6518.html]
[C:/My Websites/职业百科/www.careerplanwiki.com/wiki/服装陈列与展示设计/4610.html]
[C:/My Websites/职业百科/www.careerplanwiki.com/wiki/音乐表演/6519.html]
[C:/My Websites/职业百科/www.careerplanwiki.com/wiki/舞蹈表演/4915.html]
[C:/My Websites/职业百科/www.careerplanwiki.com/wiki/戏曲表演/4912.html]
[C:/My Websites/职业百科/www.careerplanwiki.com/wiki/表演艺术/4909.html]
[C:/My Websites/职业百科/www.careerplanwiki.com/wiki/戏剧影视表演/4910.html]
[C:/My Websites/职业百科/www.careerplanwiki.com/wiki/歌舞表演/4911.html]
[C:/My Websites/职业百科/www.careerplanwiki.com/wiki/曲艺表演/4913.html]
[C:/My Websites/职业百科/www.careerplanwiki.com/wiki/音乐剧表演/4914.html]
[C:/My Websites/职业百科/www.careerplanwiki.com/wiki/国际标准舞/4916.html]
[C:/My Websites/职业百科/www.careerplanwiki.com/wiki/现代流行音乐/4919.html]
[C:/My Websites/职业百科/www.careerplanwiki.com/wiki/戏曲音乐/6520.html]
[C:/My Websites/职业百科/www.careerplanwiki.com/wiki/音乐制作/4921.html]
[C:/My Websites/职业百科/www.careerplanwiki.com/wiki/钢琴伴奏/4922.html]
[C:/My Websites/职业百科/www.careerplanwiki.com/wiki/钢琴调律/4923.html]
[C:/My Websites/职业百科/www.careerplanwiki.com/wiki/舞蹈编导/4924.html]
[C:/My Websites/职业百科/www.careerplanwiki.com/wiki/音乐传播/5105.html]
[C:/My Websites/职业百科/www.careerplanwiki.com/wiki/时尚表演与传播/4917.html]
[C:/My Websites/职业百科/www.careerplanwiki.com/wiki/舞台艺术设计与制作/4926.html]
[C:/My Websites/职业百科/www.careerplanwiki.com/wiki/作曲技术/4920.html]
[C:/My Websites/职业百科/www.careerplanwiki.com/wiki/现代魔术设计与表演/6521.html]
[C:/My Websites/职业百科/www.careerplanwiki.com/wiki/民族表演艺术/4928.html]
[C:/My Websites/职业百科/www.careerplanwiki.com/wiki/民族美术/4929.html]
[C:/My Websites/职业百科/www.careerplanwiki.com/wiki/民族服装与饰品/4930.html]
[C:/My Websites/职业百科/www.careerplanwiki.com/wiki/民族传统技艺/4932.html]
[C:/My Websites/职业百科/www.careerplanwiki.com/wiki/中国少数民族语言文化/4934.html]
[C:/My Websites/职业百科/www.careerplanwiki.com/wiki/文化创意与策划/4936.html]
[C:/My Websites/职业百科/www.careerplanwiki.com/wiki/文化产业经营与管理/4937.html]
[C:/My Websites/职业百科/www.careerplanwiki.com/wiki/公共文化服务与管理/4938.html]
[C:/My Websites/职业百科/www.careerplanwiki.com/wiki/文物修复与保护/4939.html]
[C:/My Websites/职业百科/www.careerplanwiki.com/wiki/文物考古技术/4940.html]
[C:/My Websites/职业百科/www.careerplanwiki.com/wiki/文物展示利用技术/4941.html]
[C:/My Websites/职业百科/www.careerplanwiki.com/wiki/图书档案管理/4942.html]
[C:/My Websites/职业百科/www.careerplanwiki.com/wiki/石窟寺保护技术/6522.html]
[C:/My Websites/职业百科/www.careerplanwiki.com/wiki/数字图文信息处理技术/4945.html]
[C:/My Websites/职业百科/www.careerplanwiki.com/wiki/网络新闻与传播/4946.html]
[C:/My Websites/职业百科/www.careerplanwiki.com/wiki/出版策划与编辑/4947.html]
[C:/My Websites/职业百科/www.careerplanwiki.com/wiki/出版商务/4948.html]
[C:/My Websites/职业百科/www.careerplanwiki.com/wiki/数字出版/4951.html]
[C:/My Websites/职业百科/www.careerplanwiki.com/wiki/数字媒体设备应用与管理/4952.html]
[C:/My Websites/职业百科/www.careerplanwiki.com/wiki/播音与主持/4955.html]
[C:/My Websites/职业百科/www.careerplanwiki.com/wiki/广播影视节目制作/4956.html]
[C:/My Websites/职业百科/www.careerplanwiki.com/wiki/数字广播电视技术/4957.html]
[C:/My Websites/职业百科/www.careerplanwiki.com/wiki/影视编导/4959.html]
[C:/My Websites/职业百科/www.careerplanwiki.com/wiki/新闻采编与制作/4954.html]
[C:/My Websites/职业百科/www.careerplanwiki.com/wiki/影视动画/4962.html]
[C:/My Websites/职业百科/www.careerplanwiki.com/wiki/影视制片管理/4958.html]
[C:/My Websites/职业百科/www.careerplanwiki.com/wiki/影视多媒体技术/4961.html]
[C:/My Websites/职业百科/www.careerplanwiki.com/wiki/影视照明技术与艺术/4963.html]
[C:/My Websites/职业百科/www.careerplanwiki.com/wiki/音像技术/4964.html]
[C:/My Websites/职业百科/www.careerplanwiki.com/wiki/录音技术与艺术/4965.html]
[C:/My Websites/职业百科/www.careerplanwiki.com/wiki/摄影摄像技术/4966.html]
[C:/My Websites/职业百科/www.careerplanwiki.com/wiki/融媒体技术与运营/6523.html]
[C:/My Websites/职业百科/www.careerplanwiki.com/wiki/网络直播与运营/6524.html]
[C:/My Websites/职业百科/www.careerplanwiki.com/wiki/传播与策划/4967.html]
[C:/My Websites/职业百科/www.careerplanwiki.com/wiki/全媒体广告策划与营销/4968.html]
[C:/My Websites/职业百科/www.careerplanwiki.com/wiki/早期教育/4971.html]
[C:/My Websites/职业百科/www.careerplanwiki.com/wiki/学前教育/4972.html]
[C:/My Websites/职业百科/www.careerplanwiki.com/wiki/小学教育/4973.html]
[C:/My Websites/职业百科/www.careerplanwiki.com/wiki/小学语文教育/4974.html]
[C:/My Websites/职业百科/www.careerplanwiki.com/wiki/小学数学教育/4975.html]
[C:/My Websites/职业百科/www.careerplanwiki.com/wiki/小学英语教育/4976.html]
[C:/My Websites/职业百科/www.careerplanwiki.com/wiki/小学科学教育/4977.html]
[C:/My Websites/职业百科/www.careerplanwiki.com/wiki/音乐教育/4982.html]
[C:/My Websites/职业百科/www.careerplanwiki.com/wiki/美术教育/6525.html]
[C:/My Websites/职业百科/www.careerplanwiki.com/wiki/体育教育/4984.html]
[C:/My Websites/职业百科/www.careerplanwiki.com/wiki/小学道德与法治教育/4985.html]
[C:/My Websites/职业百科/www.careerplanwiki.com/wiki/舞蹈教育/4986.html]
[C:/My Websites/职业百科/www.careerplanwiki.com/wiki/艺术教育/4987.html]
[C:/My Websites/职业百科/www.careerplanwiki.com/wiki/特殊教育/4988.html]
[C:/My Websites/职业百科/www.careerplanwiki.com/wiki/现代教育技术/4990.html]
[C:/My Websites/职业百科/www.careerplanwiki.com/wiki/心理健康教育/4991.html]
[C:/My Websites/职业百科/www.careerplanwiki.com/wiki/商务英语/4994.html]
[C:/My Websites/职业百科/www.careerplanwiki.com/wiki/应用英语/4995.html]
[C:/My Websites/职业百科/www.careerplanwiki.com/wiki/旅游英语/4996.html]
[C:/My Websites/职业百科/www.careerplanwiki.com/wiki/应用韩语/5000.html]
[C:/My Websites/职业百科/www.careerplanwiki.com/wiki/商务日语/4997.html]
[C:/My Websites/职业百科/www.careerplanwiki.com/wiki/应用日语/4998.html]
[C:/My Websites/职业百科/www.careerplanwiki.com/wiki/旅游日语/4999.html]
[C:/My Websites/职业百科/www.careerplanwiki.com/wiki/应用外语/5008.html]
[C:/My Websites/职业百科/www.careerplanwiki.com/wiki/中文/4993.html]
[C:/My Websites/职业百科/www.careerplanwiki.com/wiki/应用俄语/5001.html]
[C:/My Websites/职业百科/www.careerplanwiki.com/wiki/应用法语/5002.html]
[C:/My Websites/职业百科/www.careerplanwiki.com/wiki/应用西班牙语/5004.html]
[C:/My Websites/职业百科/www.careerplanwiki.com/wiki/应用德语/5003.html]
[C:/My Websites/职业百科/www.careerplanwiki.com/wiki/应用泰语/5006.html]
[C:/My Websites/职业百科/www.careerplanwiki.com/wiki/应用越南语/5005.html]
[C:/My Websites/职业百科/www.careerplanwiki.com/wiki/应用阿拉伯语/5007.html]
[C:/My Websites/职业百科/www.careerplanwiki.com/wiki/现代文秘/5010.html]
[C:/My Websites/职业百科/www.careerplanwiki.com/wiki/社会体育/5015.html]
[C:/My Websites/职业百科/www.careerplanwiki.com/wiki/休闲体育/5016.html]
[C:/My Websites/职业百科/www.careerplanwiki.com/wiki/运动训练/5013.html]
[C:/My Websites/职业百科/www.careerplanwiki.com/wiki/民族传统体育/5018.html]
[C:/My Websites/职业百科/www.careerplanwiki.com/wiki/运动防护/5014.html]
[C:/My Websites/职业百科/www.careerplanwiki.com/wiki/体育保健与康复/5021.html]
[C:/My Websites/职业百科/www.careerplanwiki.com/wiki/健身指导与管理/5022.html]
[C:/My Websites/职业百科/www.careerplanwiki.com/wiki/体育运营与管理/5020.html]
[C:/My Websites/职业百科/www.careerplanwiki.com/wiki/电子竞技运动与管理/5106.html]
[C:/My Websites/职业百科/www.careerplanwiki.com/wiki/高尔夫球运动与管理/5017.html]
[C:/My Websites/职业百科/www.careerplanwiki.com/wiki/体育艺术表演/5019.html]
[C:/My Websites/职业百科/www.careerplanwiki.com/wiki/治安管理/5025.html]
[C:/My Websites/职业百科/www.careerplanwiki.com/wiki/道路交通管理/5026.html]
[C:/My Websites/职业百科/www.careerplanwiki.com/wiki/特警/5031.html]
[C:/My Websites/职业百科/www.careerplanwiki.com/wiki/警务指挥与战术/5038.html]
[C:/My Websites/职业百科/www.careerplanwiki.com/wiki/刑事科学技术/5046.html]
[C:/My Websites/职业百科/www.careerplanwiki.com/wiki/网络安全与执法/5027.html]
[C:/My Websites/职业百科/www.careerplanwiki.com/wiki/警犬技术/5047.html]
[C:/My Websites/职业百科/www.careerplanwiki.com/wiki/刑事侦查/5049.html]
[C:/My Websites/职业百科/www.careerplanwiki.com/wiki/政治安全保卫/5050.html]
[C:/My Websites/职业百科/www.careerplanwiki.com/wiki/经济犯罪侦查/5051.html]
[C:/My Websites/职业百科/www.careerplanwiki.com/wiki/禁毒/5052.html]
[C:/My Websites/职业百科/www.careerplanwiki.com/wiki/法律事务/5054.html]
[C:/My Websites/职业百科/www.careerplanwiki.com/wiki/法律文秘/5055.html]
[C:/My Websites/职业百科/www.careerplanwiki.com/wiki/检察事务/5057.html]
[C:/My Websites/职业百科/www.careerplanwiki.com/wiki/刑事执行/5059.html]
[C:/My Websites/职业百科/www.careerplanwiki.com/wiki/民事执行/5060.html]
[C:/My Websites/职业百科/www.careerplanwiki.com/wiki/行政执行/5061.html]
[C:/My Websites/职业百科/www.careerplanwiki.com/wiki/司法警务/5062.html]
[C:/My Websites/职业百科/www.careerplanwiki.com/wiki/社区矫正/5063.html]
[C:/My Websites/职业百科/www.careerplanwiki.com/wiki/刑事侦查技术/5065.html]
[C:/My Websites/职业百科/www.careerplanwiki.com/wiki/司法信息技术/5067.html]
[C:/My Websites/职业百科/www.careerplanwiki.com/wiki/司法鉴定技术/5068.html]
[C:/My Websites/职业百科/www.careerplanwiki.com/wiki/司法信息安全/5069.html]
[C:/My Websites/职业百科/www.careerplanwiki.com/wiki/罪犯心理测量与矫正技术/5070.html]
[C:/My Websites/职业百科/www.careerplanwiki.com/wiki/戒毒矫治技术/5071.html]
[C:/My Websites/职业百科/www.careerplanwiki.com/wiki/安全防范技术/5066.html]
[C:/My Websites/职业百科/www.careerplanwiki.com/wiki/安全保卫管理/6541.html]
[C:/My Websites/职业百科/www.careerplanwiki.com/wiki/智能安防运营管理/6542.html]
[C:/My Websites/职业百科/www.careerplanwiki.com/wiki/社会工作/5075.html]
[C:/My Websites/职业百科/www.careerplanwiki.com/wiki/党务工作/6532.html]
[C:/My Websites/职业百科/www.careerplanwiki.com/wiki/青少年工作与管理/5077.html]
[C:/My Websites/职业百科/www.careerplanwiki.com/wiki/社区管理与服务/5078.html]
[C:/My Websites/职业百科/www.careerplanwiki.com/wiki/公共关系/5079.html]
[C:/My Websites/职业百科/www.careerplanwiki.com/wiki/公益慈善事业管理/5107.html]
[C:/My Websites/职业百科/www.careerplanwiki.com/wiki/民政服务与管理/5082.html]
[C:/My Websites/职业百科/www.careerplanwiki.com/wiki/人力资源管理/5083.html]
[C:/My Websites/职业百科/www.careerplanwiki.com/wiki/劳动与社会保障/5084.html]
[C:/My Websites/职业百科/www.careerplanwiki.com/wiki/网络舆情监测/5085.html]
[C:/My Websites/职业百科/www.careerplanwiki.com/wiki/公共事务管理/5086.html]
[C:/My Websites/职业百科/www.careerplanwiki.com/wiki/行政管理/5087.html]
[C:/My Websites/职业百科/www.careerplanwiki.com/wiki/质量管理与认证/5088.html]
[C:/My Websites/职业百科/www.careerplanwiki.com/wiki/知识产权管理/5089.html]
[C:/My Websites/职业百科/www.careerplanwiki.com/wiki/职业指导与服务/6533.html]
[C:/My Websites/职业百科/www.careerplanwiki.com/wiki/标准化技术/6534.html]
[C:/My Websites/职业百科/www.careerplanwiki.com/wiki/现代家政服务与管理/5092.html]
[C:/My Websites/职业百科/www.careerplanwiki.com/wiki/智慧健康养老服务与管理/5091.html]
[C:/My Websites/职业百科/www.careerplanwiki.com/wiki/社区康复/5094.html]
[C:/My Websites/职业百科/www.careerplanwiki.com/wiki/婚庆服务与管理/5093.html]
[C:/My Websites/职业百科/www.careerplanwiki.com/wiki/现代殡葬技术与管理/5095.html]
[C:/My Websites/职业百科/www.careerplanwiki.com/wiki/殡葬设备维护技术/6535.html]
[C:/My Websites/职业百科/www.careerplanwiki.com/wiki/陵园服务与管理/6536.html]
[C:/My Websites/职业百科/www.careerplanwiki.com/wiki/产品管培生/6034.html]
[C:/My Websites/职业百科/www.careerplanwiki.com/assets/wiki/images/dashline.png]
[C:/My Websites/职业百科/www.careerplanwiki.com/assets/wiki/css/wiki2c03.css]
[C:/My Websites/职业百科/www.careerplanwiki.com/wiki/先进制造/5991.html]
[C:/My Websites/职业百科/www.careerplanwiki.com/wiki/企业服务/6006.html]
[C:/My Websites/职业百科/www.careerplanwiki.com/wiki/医疗健康/5993.html]
[C:/My Websites/职业百科/www.careerplanwiki.com/wiki/电商零售/5998.html]
[C:/My Websites/职业百科/www.careerplanwiki.com/wiki/汽车交通/5994.html]
[C:/My Websites/职业百科/www.careerplanwiki.com/wiki/金融/5996.html]
[C:/My Websites/职业百科/www.careerplanwiki.com/wiki/本地生活/6007.html]
[C:/My Websites/职业百科/www.careerplanwiki.com/wiki/教育/6008.html]
[C:/My Websites/职业百科/www.careerplanwiki.com/wiki/智能硬件/5162.html]
[C:/My Websites/职业百科/www.careerplanwiki.com/wiki/游戏/5893.html]
[C:/My Websites/职业百科/www.careerplanwiki.com/wiki/文娱传媒/5997.html]
[C:/My Websites/职业百科/www.careerplanwiki.com/wiki/体育运动/5999.html]
[C:/My Websites/职业百科/www.careerplanwiki.com/wiki/物流/5995.html]
[C:/My Websites/职业百科/www.careerplanwiki.com/wiki/房产服务/6000.html]
[C:/My Websites/职业百科/www.careerplanwiki.com/wiki/社交网络/6001.html]
[C:/My Websites/职业百科/www.careerplanwiki.com/wiki/广告营销/6002.html]
[C:/My Websites/职业百科/www.careerplanwiki.com/wiki/旅游/6003.html]
[C:/My Websites/职业百科/www.careerplanwiki.com/wiki/工具软件/6004.html]
[C:/My Websites/职业百科/www.careerplanwiki.com/wiki/农业/6005.html]
[C:/My Websites/职业百科/www.careerplanwiki.com/wiki/区块链/6036.html]
[C:/My Websites/职业百科/www.careerplanwiki.com/wiki/传统制造/6037.html]
[C:/My Websites/职业百科/www.careerplanwiki.com/wiki/元宇宙/6035.html]
[C:/My Websites/职业百科/www.careerplanwiki.com/wiki/数据产品经理/5177.html]
[C:/My Websites/职业百科/www.careerplanwiki.com/wiki/商业产品经理/6009.html]
[C:/My Websites/职业百科/www.careerplanwiki.com/wiki/用户产品经理/6010.html]
[C:/My Websites/职业百科/www.careerplanwiki.com/wiki/策略产品经理/6011.html]
[C:/My Websites/职业百科/www.careerplanwiki.com/wiki/硬件产品经理/6012.html]
[C:/My Websites/职业百科/www.careerplanwiki.com/wiki/产品运营/7.html]
[C:/My Websites/职业百科/www.careerplanwiki.com/wiki/活动运营/6016.html]
[C:/My Websites/职业百科/www.careerplanwiki.com/wiki/数据运营/6013.html]
[C:/My Websites/职业百科/www.careerplanwiki.com/wiki/用户运营/6014.html]
[C:/My Websites/职业百科/www.careerplanwiki.com/wiki/新媒体运营/5721.html]
[C:/My Websites/职业百科/www.careerplanwiki.com/wiki/内容运营/6015.html]
[C:/My Websites/职业百科/www.careerplanwiki.com/wiki/直播运营/6017.html]
[C:/My Websites/职业百科/www.careerplanwiki.com/wiki/算法工程师/5180.html]
[C:/My Websites/职业百科/www.careerplanwiki.com/wiki/推荐算法工程师/5703.html]
[C:/My Websites/职业百科/www.careerplanwiki.com/wiki/深度学习算法工程师/17.html]
[C:/My Websites/职业百科/www.careerplanwiki.com/wiki/数据分析师/16.html]
[C:/My Websites/职业百科/www.careerplanwiki.com/wiki/商业分析师/15.html]
[C:/My Websites/职业百科/www.careerplanwiki.com/wiki/数据挖掘师/6018.html]
[C:/My Websites/职业百科/www.careerplanwiki.com/wiki/Python工程师/6019.html]
[C:/My Websites/职业百科/www.careerplanwiki.com/wiki/审计人员/5603.html]
[C:/My Websites/职业百科/www.careerplanwiki.com/wiki/财务人员/5622.html]
[C:/My Websites/职业百科/www.careerplanwiki.com/wiki/会计人员/5604.html]
[C:/My Websites/职业百科/www.careerplanwiki.com/wiki/出纳人员/5621.html]
[C:/My Websites/职业百科/www.careerplanwiki.com/wiki/税务师/5623.html]
[C:/My Websites/职业百科/www.careerplanwiki.com/wiki/金融产品经理/6020.html]
[C:/My Websites/职业百科/www.careerplanwiki.com/wiki/风险控制人员/11.html]
[C:/My Websites/职业百科/www.careerplanwiki.com/wiki/保险精算师/6021.html]
[C:/My Websites/职业百科/www.careerplanwiki.com/wiki/证券分析师/13.html]
[C:/My Websites/职业百科/www.careerplanwiki.com/wiki/操盘手/6022.html]
[C:/My Websites/职业百科/www.careerplanwiki.com/wiki/客户经理/5599.html]
[C:/My Websites/职业百科/www.careerplanwiki.com/wiki/渠道经理/5620.html]
[C:/My Websites/职业百科/www.careerplanwiki.com/wiki/汽车营销/5333.html]
[C:/My Websites/职业百科/www.careerplanwiki.com/wiki/网络营销/6110.html]
[C:/My Websites/职业百科/www.careerplanwiki.com/wiki/售前产品/6024.html]
[C:/My Websites/职业百科/www.careerplanwiki.com/wiki/保险顾问/6025.html]
[C:/My Websites/职业百科/www.careerplanwiki.com/wiki/投资顾问/6026.html]
[C:/My Websites/职业百科/www.careerplanwiki.com/wiki/证券经纪人/6027.html]
[C:/My Websites/职业百科/www.careerplanwiki.com/wiki/HTML5工程师/6028.html]
[C:/My Websites/职业百科/www.careerplanwiki.com/wiki/C语言开发工程师/6029.html]
[C:/My Websites/职业百科/www.careerplanwiki.com/wiki/Java工程师/6030.html]
[C:/My Websites/职业百科/www.careerplanwiki.com/wiki/软件测试工程师/6031.html]
[C:/My Websites/职业百科/www.careerplanwiki.com/wiki/运维工程师/6032.html]
[C:/My Websites/职业百科/www.careerplanwiki.com/wiki/营销管培生/6033.html]
[C:/My Websites/职业百科/www.careerplanwiki.com/wiki/产品管培生/6034.html]
